team_id_home,team_id_away,team_power_home,team_power_away,avg_possession_rate_home,avg_total_shots_home,avg_total_shots_away,avg_shots_on_target_home,avg_shots_on_target_away,avg_successful_passes_home,avg_successful_passes_away,avg_pass_success_rate_home,avg_pass_success_rate_away,avg_corners_home,avg_corners_away,avg_crosses_home,avg_crosses_away,avg_fouls_home,avg_fouls_away,avg_offsides_home,avg_offsides_away,avg_yellow_cards_home,avg_yellow_cards_away,avg_red_cards_home,avg_red_cards_away,avg_team_goals_home,avg_team_goals_away,team_goals_home,team_goals_away
454,2,6.890000000000001,6.93,53.4,14.6,8.2,5.2,2.8,417.4,350.4,0.836,0.818,5.0,2.6,4.0,2.4,15.4,12.6,1.8,1.0,1.4,2.0,0.0,0.2,2.0,0.8,0,1
455,15,6.8,6.779999999999999,52.8,15.0,10.2,5.4,3.6,398.6,347.2,0.826,0.8140000000000001,5.2,2.8,4.8,3.2,12.6,12.0,1.8,1.2,1.2,2.2,0.0,0.2,1.4,1.0,1,1
446,447,6.82,6.840000000000001,48.2,13.6,10.4,4.6,3.6,325.4,356.0,0.8,0.812,4.8,4.2,5.0,4.2,14.0,11.6,1.8,1.8,1.4,2.6,0.0,0.0,1.0,0.8,0,1
7297,4,6.779999999999999,6.909999999999999,50.8,13.2,11.6,3.8,4.0,347.4,334.6,0.8220000000000001,0.8140000000000001,5.4,4.0,6.0,4.2,13.6,11.4,1.4,1.6,1.4,2.8,0.0,0.0,0.4,1.0,1,5
605,1,6.7700000000000005,6.94,47.6,14.4,12.2,4.0,5.0,340.6,381.0,0.826,0.834,5.6,3.8,6.6,4.2,12.6,11.0,1.2,1.6,1.2,2.4,0.0,0.0,0.4,1.8,0,2
570,454,6.76,6.890000000000001,43.2,12.4,12.6,3.2,5.4,291.0,418.6,0.8019999999999999,0.844,5.0,4.6,6.8,4.0,11.6,12.0,1.6,1.6,1.2,2.4,0.2,0.2,0.4,2.0,1,1
656,605,6.83,6.7700000000000005,40.8,10.6,12.4,2.4,5.8,262.0,426.6,0.784,0.85,5.2,4.6,6.6,4.0,12.2,12.0,1.6,1.4,1.2,3.2,0.2,0.2,0.6,2.0,2,0
448,537,6.8,6.82,41.2,11.6,13.0,2.6,5.2,282.6,450.6,0.788,0.8559999999999999,5.4,3.4,7.0,3.0,11.8,11.4,1.8,1.4,1.2,2.8,0.2,0.2,0.8,1.8,0,0
572,3,6.790000000000001,6.95,38.2,10.2,12.4,2.2,5.0,258.0,479.6,0.774,0.8640000000000001,4.8,4.0,5.2,3.0,11.8,12.2,2.2,1.4,1.4,2.6,0.2,0.2,0.8,1.6,0,0
619,5,6.85,6.75,38.2,9.0,11.0,1.8,4.0,242.6,462.6,0.7340000000000001,0.8480000000000001,4.2,4.0,4.0,3.4,12.2,12.0,2.2,1.8,1.4,2.8,0.2,0.2,0.6,0.6,1,4
447,451,6.840000000000001,6.909999999999999,40.4,9.6,13.6,2.0,4.2,266.0,437.4,0.746,0.8379999999999999,3.4,4.2,3.6,3.6,11.8,11.4,1.8,1.4,2.0,2.4,0.4,0.0,0.8,1.0,2,1
2,455,6.93,6.8,42.0,10.2,13.8,2.6,3.8,302.0,457.2,0.774,0.85,3.0,4.0,4.0,3.2,10.8,11.2,2.0,1.6,2.0,1.2,0.4,0.0,1.0,1.0,2,0
15,7297,6.779999999999999,6.779999999999999,45.0,12.6,13.0,3.4,4.4,312.0,415.6,0.786,0.8320000000000001,5.0,4.0,4.8,3.0,9.4,10.8,1.6,1.6,1.6,1.0,0.4,0.0,1.0,1.0,0,1
4,446,6.909999999999999,6.82,51.4,13.2,13.0,3.8,4.0,356.0,351.8,0.808,0.804,5.4,3.0,6.2,3.2,8.4,10.4,2.2,1.8,1.6,1.0,0.4,0.0,1.0,1.2,2,1
1,574,6.94,6.81,54.0,14.0,15.2,4.8,4.2,392.8,338.8,0.8459999999999999,0.8099999999999999,5.2,3.4,6.2,4.2,10.2,10.2,2.0,1.6,2.0,1.0,0.4,0.0,1.4,1.4,2,1
455,448,6.8,6.8,57.0,14.8,11.8,5.2,3.6,395.2,302.8,0.842,0.788,8.4,2.6,7.6,4.0,10.4,10.8,1.8,1.8,1.6,1.4,0.0,0.0,1.6,0.8,3,2
454,447,6.890000000000001,6.840000000000001,59.8,14.0,11.6,5.0,4.0,399.6,255.4,0.8380000000000001,0.77,9.0,1.8,6.4,3.8,12.6,11.6,2.0,1.6,1.8,2.0,0.0,0.0,1.8,1.0,1,1
451,570,6.909999999999999,6.76,57.2,12.4,11.2,4.2,3.6,393.0,291.2,0.8320000000000001,0.784,6.6,2.0,5.6,3.8,13.6,12.8,2.2,2.2,1.6,2.2,0.0,0.0,1.6,1.2,0,1
7297,572,6.779999999999999,6.790000000000001,56.2,13.2,10.0,4.0,3.8,402.2,306.6,0.826,0.786,8.0,2.2,5.8,3.4,15.2,12.4,1.6,2.2,2.0,2.2,0.0,0.0,1.6,1.2,2,0
3,537,6.95,6.82,54.8,12.2,10.4,3.4,3.8,381.2,310.4,0.8160000000000001,0.7859999999999999,7.4,2.6,5.2,2.2,12.6,12.4,2.2,2.2,1.4,2.4,0.0,0.0,1.6,1.0,1,0
574,619,6.81,6.85,50.0,13.0,11.2,4.0,3.2,354.8,356.4,0.8140000000000001,0.818,5.8,2.6,4.2,2.2,12.8,13.6,3.0,2.0,1.8,2.8,0.2,0.0,1.4,0.8,5,0
446,15,6.82,6.779999999999999,48.0,14.0,10.4,4.6,2.2,333.4,362.6,0.806,0.818,5.0,3.2,4.0,2.6,12.0,13.2,2.4,2.0,2.4,2.4,0.2,0.0,1.8,0.4,2,2
656,1,6.83,6.94,47.6,13.6,10.2,4.6,2.8,312.2,347.0,0.7979999999999998,0.818,5.8,4.0,4.8,2.6,12.2,12.8,2.2,1.0,2.4,2.0,0.4,0.0,2.0,0.6,2,2
5,2,6.75,6.93,44.4,14.2,11.8,5.2,3.4,274.6,374.0,0.7819999999999999,0.8379999999999999,4.4,4.0,4.2,2.8,10.4,13.0,2.2,1.2,2.2,1.8,0.4,0.0,2.4,0.8,0,2
605,4,6.7700000000000005,6.909999999999999,43.4,14.2,9.6,4.6,3.6,249.4,364.4,0.742,0.812,4.8,3.8,5.2,2.6,12.4,14.2,2.2,1.2,2.0,1.4,0.4,0.0,2.0,1.2,0,1
537,454,6.82,6.890000000000001,45.0,12.8,10.2,4.0,4.4,278.6,368.8,0.75,0.808,3.4,4.4,5.0,2.8,11.6,12.8,1.6,1.4,1.6,1.2,0.2,0.0,1.8,1.4,4,0
447,5,6.840000000000001,6.75,48.0,12.8,10.8,4.0,4.6,340.6,370.4,0.7699999999999999,0.8079999999999998,4.0,4.4,5.4,2.6,10.4,12.2,3.8,2.0,0.6,1.4,0.2,0.0,1.6,1.4,3,1
570,656,6.76,6.83,49.4,13.2,12.2,4.4,5.0,351.0,357.2,0.768,0.796,4.2,4.4,5.0,3.2,10.4,12.4,4.4,2.2,1.2,1.6,0.0,0.0,1.8,1.2,2,0
3,7297,6.95,6.779999999999999,49.6,11.4,10.8,4.2,4.0,348.0,342.4,0.774,0.792,3.4,4.8,4.4,3.2,12.6,12.6,4.8,2.4,1.4,2.0,0.0,0.0,1.8,0.8,3,0
448,574,6.8,6.81,55.0,12.8,10.2,6.0,3.4,427.8,323.0,0.8319999999999999,0.8019999999999999,4.6,4.4,4.2,2.8,12.4,11.6,4.4,2.0,1.6,1.8,0.0,0.0,2.4,0.4,0,2
2,446,6.93,6.82,55.0,11.6,11.6,5.2,4.4,402.4,296.0,0.8140000000000001,0.792,5.2,4.2,4.0,4.4,13.2,11.2,4.2,2.6,1.4,1.6,0.0,0.0,2.4,0.6,1,1
15,451,6.779999999999999,6.909999999999999,55.4,11.0,10.8,4.6,4.6,367.2,270.8,0.8019999999999999,0.7700000000000001,4.4,3.8,4.2,4.6,13.4,12.0,2.4,2.6,1.8,1.8,0.0,0.0,1.8,0.8,2,1
4,1,6.909999999999999,6.94,55.6,10.4,12.2,4.6,4.6,396.0,292.8,0.828,0.788,3.6,3.6,4.4,5.2,12.8,11.0,2.0,2.2,2.0,2.0,0.0,0.0,1.6,0.8,2,2
619,605,6.85,6.7700000000000005,58.4,12.6,14.0,5.0,5.6,436.4,283.8,0.842,0.782,5.0,3.4,5.6,5.2,11.0,10.0,1.6,1.8,1.8,1.8,0.0,0.0,1.6,1.2,1,0
572,455,6.790000000000001,6.8,52.4,11.2,15.8,3.6,6.4,373.6,332.0,0.8219999999999998,0.796,4.6,5.0,6.0,6.4,11.0,10.2,1.4,2.4,2.2,2.6,0.0,0.0,1.2,1.2,2,0
5,15,6.75,6.779999999999999,51.4,12.2,14.8,4.0,4.8,381.4,356.4,0.8320000000000001,0.806,4.2,5.2,5.8,5.2,10.2,9.8,1.2,2.0,3.2,2.6,0.0,0.0,1.6,0.8,2,1
7297,537,6.779999999999999,6.82,50.0,13.4,15.4,4.6,5.6,348.0,351.6,0.804,0.784,4.8,5.4,7.2,5.6,10.8,8.8,1.0,2.2,3.2,2.4,0.0,0.0,1.8,0.8,3,4
446,572,6.82,6.790000000000001,46.2,13.0,13.4,4.4,5.2,296.6,361.0,0.772,0.7839999999999999,4.8,5.2,7.0,4.8,11.2,9.8,1.4,2.6,3.8,2.4,0.2,0.0,2.0,1.4,1,1
656,4,6.83,6.909999999999999,41.8,10.8,13.4,3.8,5.0,241.8,385.0,0.7460000000000001,0.7899999999999999,4.4,5.2,6.0,5.2,12.4,10.0,1.8,2.6,4.0,2.2,0.2,0.0,1.8,1.2,0,1
454,448,6.890000000000001,6.8,43.2,12.0,12.8,4.0,5.6,250.2,377.4,0.7460000000000001,0.794,4.6,3.6,5.6,4.2,11.8,9.6,1.8,2.4,4.0,1.8,0.2,0.0,1.6,1.4,3,1
455,3,6.8,6.95,44.0,14.4,11.6,5.0,5.8,253.6,363.2,0.754,0.8,5.0,5.2,6.2,4.6,13.6,10.4,1.8,2.0,3.4,2.2,0.2,0.0,1.8,1.6,2,3
605,447,6.7700000000000005,6.840000000000001,40.8,12.8,13.2,4.4,5.8,256.8,412.8,0.7699999999999999,0.85,5.4,5.6,5.0,4.2,13.2,11.2,1.8,1.4,3.0,2.2,0.2,0.0,1.8,2.0,0,0
1,619,6.94,6.85,45.2,14.4,12.6,4.2,4.8,305.0,392.2,0.8,0.842,6.8,4.6,4.6,3.8,13.0,10.4,1.4,1.6,2.0,1.8,0.0,0.0,1.2,1.2,0,1
574,570,6.81,6.76,49.2,16.2,11.4,4.2,4.4,351.0,369.8,0.828,0.8400000000000001,8.4,4.6,5.0,3.8,11.2,10.6,0.8,1.4,1.4,2.8,0.0,0.0,1.0,1.2,2,1
451,2,6.909999999999999,6.93,52.4,17.6,10.2,4.6,2.8,374.6,333.0,0.8400000000000001,0.82,9.2,4.8,6.0,4.0,12.0,11.0,1.0,1.0,1.6,2.8,0.0,0.0,1.4,1.2,2,0
448,5,6.8,6.75,50.8,14.4,11.2,3.6,3.2,372.8,366.6,0.8300000000000001,0.8220000000000001,8.4,3.6,4.8,5.0,10.4,10.4,1.6,1.2,1.2,2.2,0.0,0.0,1.2,1.0,1,2
537,455,6.82,6.8,55.4,15.4,9.8,3.4,2.4,400.8,319.8,0.8380000000000001,0.7859999999999999,7.6,3.4,5.4,4.8,10.8,12.0,1.6,0.8,1.4,2.6,0.0,0.2,1.0,0.8,0,0
3,454,6.95,6.890000000000001,57.8,15.4,10.4,3.8,3.4,427.0,297.6,0.834,0.772,6.6,4.0,5.8,5.0,10.8,13.4,1.4,0.8,1.8,2.8,0.0,0.2,1.0,0.8,3,3
7297,446,6.779999999999999,6.82,58.4,14.4,11.0,4.4,3.6,434.4,292.4,0.828,0.766,5.0,4.6,6.2,5.0,12.4,14.4,1.4,0.8,2.6,2.2,0.2,0.2,1.6,1.2,0,1
572,451,6.790000000000001,6.909999999999999,57.0,11.8,12.0,4.0,4.2,435.0,314.8,0.8220000000000001,0.776,3.6,5.0,5.2,6.0,10.8,15.2,1.0,1.6,2.2,2.4,0.2,0.2,1.2,1.2,1,0
570,1,6.76,6.94,56.0,12.4,12.2,4.0,3.6,421.8,317.0,0.82,0.776,4.0,6.8,5.6,4.6,10.4,14.0,0.4,1.6,2.6,2.4,0.2,0.2,1.0,1.2,3,0
15,574,6.779999999999999,6.81,50.6,11.4,13.6,4.0,3.4,385.2,362.2,0.808,0.8160000000000001,4.0,7.8,4.4,5.4,10.4,11.8,0.8,2.0,3.0,2.2,0.2,0.0,1.4,0.8,0,2
447,4,6.840000000000001,6.909999999999999,48.4,10.8,14.6,3.6,3.4,345.8,373.0,0.8019999999999999,0.82,5.0,7.8,5.2,5.8,11.2,11.2,1.0,2.0,2.6,2.4,0.4,0.0,1.4,1.2,2,2
619,656,6.85,6.83,48.0,14.4,15.0,4.2,3.6,324.2,367.8,0.808,0.8220000000000001,5.8,7.4,7.4,5.2,11.2,10.6,0.8,2.2,2.4,2.2,0.2,0.2,1.2,1.0,2,0
2,605,6.93,6.7700000000000005,46.6,15.4,14.8,4.2,3.4,308.2,378.0,0.8059999999999998,0.828,6.0,7.0,8.0,5.4,12.6,10.2,1.0,1.4,2.2,2.4,0.2,0.2,1.6,0.8,2,1
5,3,6.75,6.95,50.6,15.0,13.4,4.6,3.4,343.2,339.4,0.82,0.8140000000000001,6.6,4.4,7.8,5.2,14.4,12.0,1.2,1.4,2.2,2.4,0.2,0.2,1.8,1.0,2,1
446,537,6.82,6.82,52.4,14.8,12.2,4.4,4.4,361.6,334.8,0.82,0.8,6.4,3.6,8.2,4.0,14.4,11.4,1.0,1.4,1.6,1.8,0.2,0.2,1.6,1.2,4,0
455,7297,6.8,6.779999999999999,48.6,15.6,11.2,5.6,4.2,342.8,380.2,0.8140000000000001,0.8220000000000001,5.8,4.4,7.8,3.4,13.0,10.4,1.4,1.2,1.2,1.6,0.0,0.2,2.4,0.8,1,0
454,572,6.890000000000001,6.790000000000001,46.8,13.0,10.2,4.2,3.6,335.4,397.8,0.804,0.8220000000000001,5.6,4.0,5.4,3.4,12.6,10.4,2.0,1.2,1.0,1.6,0.0,0.0,2.2,0.4,4,0
605,570,6.7700000000000005,6.76,45.4,11.4,9.8,4.4,3.0,321.4,397.6,0.806,0.8200000000000001,4.6,5.0,4.2,3.0,11.2,10.2,2.8,1.6,1.0,1.4,0.0,0.0,2.6,0.4,1,1
451,448,6.909999999999999,6.8,45.2,14.2,9.4,4.6,3.0,309.6,388.4,0.8019999999999999,0.8099999999999999,4.8,5.2,5.0,2.8,10.6,10.2,3.2,1.4,1.2,1.6,0.0,0.0,2.4,0.4,3,0
574,2,6.81,6.93,47.4,15.2,9.8,5.6,2.0,352.6,384.8,0.828,0.826,4.6,4.8,4.6,3.6,10.2,10.4,3.0,1.4,1.2,1.6,0.0,0.0,2.6,0.2,1,2
1,15,6.94,6.779999999999999,53.4,13.6,10.4,4.4,2.4,385.4,321.6,0.8300000000000001,0.7939999999999999,4.4,4.2,4.6,3.8,9.2,11.8,3.2,1.2,1.6,1.6,0.0,0.0,2.0,0.6,2,1
656,447,6.83,6.840000000000001,54.0,13.0,9.8,5.0,2.2,385.4,307.6,0.8260000000000002,0.782,3.8,4.8,4.0,3.6,9.8,12.2,2.6,1.4,1.8,1.4,0.0,0.0,2.2,0.8,2,2
4,619,6.909999999999999,6.85,58.4,15.4,10.0,5.4,3.2,427.0,283.2,0.836,0.7779999999999999,5.2,3.4,5.4,3.0,11.2,13.0,2.2,1.4,2.2,1.0,0.0,0.0,1.8,1.2,1,1
537,451,6.82,6.909999999999999,61.6,15.0,12.6,5.8,4.0,464.6,267.2,0.852,0.788,5.8,3.4,6.0,3.6,10.6,11.8,2.0,1.4,2.0,1.0,0.2,0.0,1.8,1.2,3,1
455,454,6.8,6.890000000000001,59.6,13.6,13.4,5.0,4.8,445.8,289.4,0.8480000000000001,0.788,5.8,4.8,5.8,5.0,9.6,12.2,1.8,1.2,2.0,1.6,0.2,0.0,1.8,1.4,1,2
447,619,6.840000000000001,6.85,57.0,14.2,12.6,5.0,4.2,431.8,310.6,0.8540000000000001,0.8019999999999999,6.8,4.4,4.8,4.8,11.4,11.8,1.4,1.6,2.2,1.4,0.2,0.0,1.8,1.4,1,1
570,4,6.76,6.909999999999999,56.8,14.8,13.6,4.8,5.2,433.4,313.4,0.8640000000000001,0.812,7.2,4.6,5.2,6.0,10.2,11.2,2.6,1.4,2.0,2.0,0.2,0.0,1.6,1.4,1,2
15,605,6.779999999999999,6.7700000000000005,54.6,14.8,15.0,4.4,5.4,403.8,325.4,0.8559999999999999,0.818,7.0,4.4,4.4,5.4,10.2,10.6,2.2,1.4,2.0,2.0,0.2,0.0,1.4,1.4,0,1
3,446,6.95,6.82,51.4,13.8,12.8,4.0,5.2,365.6,343.0,0.842,0.8140000000000001,6.6,4.4,3.6,5.4,11.4,10.4,2.2,1.6,2.2,2.8,0.0,0.0,1.2,1.4,2,1
7297,574,6.779999999999999,6.81,52.4,14.2,10.8,4.0,4.4,349.0,307.0,0.828,0.792,7.0,2.8,4.8,4.2,13.4,11.2,3.0,2.4,2.6,2.4,0.0,0.0,1.0,1.4,0,2
572,5,6.790000000000001,6.75,52.4,14.8,11.6,3.8,5.0,345.8,300.0,0.826,0.7859999999999999,6.4,3.4,6.0,4.2,12.6,9.8,3.6,2.2,2.4,2.8,0.0,0.0,0.8,1.4,4,1
2,656,6.93,6.83,52.0,14.6,12.0,4.6,4.4,325.4,289.6,0.8019999999999999,0.764,6.6,3.6,5.6,4.0,13.2,10.6,2.6,3.0,2.4,2.4,0.0,0.0,1.4,1.4,2,1
448,1,6.8,6.94,50.8,13.0,10.4,4.8,3.6,306.8,283.0,0.7899999999999999,0.748,5.8,4.0,6.4,4.2,14.4,10.4,3.0,3.8,2.8,2.8,0.0,0.0,1.6,1.2,2,3
451,3,6.909999999999999,6.95,47.8,12.4,13.0,4.8,4.2,279.8,304.8,0.766,0.756,5.4,4.6,6.4,4.8,15.0,11.4,2.8,3.8,3.0,2.4,0.0,0.2,2.0,1.6,3,2
605,448,6.7700000000000005,6.8,46.2,12.6,15.0,5.6,5.4,270.4,326.6,0.7620000000000001,0.77,5.2,5.2,5.8,4.8,15.2,10.4,2.4,3.4,3.0,2.6,0.0,0.2,2.2,1.8,2,0
446,455,6.82,6.8,48.0,12.8,13.0,6.2,4.8,297.0,323.6,0.766,0.764,5.2,5.6,5.0,4.6,15.4,10.8,1.6,3.2,3.2,2.0,0.0,0.4,2.6,1.4,2,2
454,7297,6.890000000000001,6.779999999999999,47.8,11.4,12.2,5.0,4.8,301.2,335.6,0.774,0.784,3.8,4.6,5.0,4.2,16.4,11.4,1.8,2.6,3.2,3.0,0.0,0.4,2.2,1.6,0,2
656,15,6.83,6.779999999999999,52.0,14.4,12.4,5.2,5.6,344.4,314.4,0.7919999999999999,0.77,4.6,4.6,4.4,4.0,13.8,11.4,1.8,1.8,2.6,2.8,0.0,0.4,1.8,1.8,1,2
5,537,6.75,6.82,55.8,14.8,10.8,5.0,6.0,363.0,273.6,0.804,0.748,4.4,4.2,5.0,3.4,12.8,12.4,2.0,3.0,2.4,2.2,0.0,0.2,1.6,1.6,0,1
1,447,6.94,6.840000000000001,56.8,16.2,8.0,3.8,5.2,365.6,263.6,0.8,0.74,5.2,3.6,5.4,2.6,14.4,12.4,1.8,3.6,2.6,2.6,0.0,0.2,1.0,1.4,1,0
4,2,6.909999999999999,6.93,53.2,15.2,10.2,3.8,5.2,333.0,290.2,0.792,0.764,4.4,3.4,5.0,3.4,15.4,12.4,1.8,4.0,2.6,3.0,0.0,0.0,0.8,1.4,3,1
619,570,6.85,6.76,57.6,17.4,9.4,4.8,5.4,392.6,267.2,0.8160000000000001,0.752,4.4,3.4,5.0,2.8,15.0,11.8,2.0,3.8,2.8,2.8,0.0,0.2,1.0,1.2,6,3
574,572,6.81,6.790000000000001,55.2,16.0,10.2,6.0,5.2,384.6,297.4,0.818,0.782,4.2,3.8,5.6,3.6,15.2,12.0,1.6,3.4,3.0,3.0,0.0,0.2,2.2,1.4,2,1
7297,5,6.779999999999999,6.75,53.8,16.4,9.0,6.4,4.2,386.4,316.2,0.8320000000000001,0.798,4.4,3.6,4.8,3.0,15.2,10.6,2.0,2.4,2.8,3.8,0.0,0.2,2.4,1.2,2,1
448,656,6.8,6.83,54.6,15.4,10.2,7.0,4.0,392.6,299.0,0.8400000000000001,0.79,4.4,3.8,4.6,2.6,14.0,11.4,1.8,1.8,2.6,3.6,0.0,0.2,2.8,1.2,2,1
447,570,6.840000000000001,6.76,55.4,14.8,10.6,6.6,4.4,388.0,286.8,0.8300000000000001,0.776,5.2,3.6,5.0,2.2,14.6,13.2,1.6,1.6,2.6,4.0,0.0,0.2,3.0,1.4,2,0
572,605,6.790000000000001,6.7700000000000005,50.0,13.0,11.8,5.8,4.2,341.6,334.4,0.818,0.804,5.8,4.2,5.4,3.6,15.0,13.0,2.2,2.0,2.4,3.6,0.0,0.0,2.8,1.2,1,1
15,4,6.779999999999999,6.909999999999999,48.4,10.4,12.2,3.8,4.4,322.2,345.2,0.7959999999999999,0.796,5.2,4.2,4.8,3.0,15.6,11.6,2.2,3.2,2.4,3.6,0.0,0.0,1.8,0.8,0,1
537,574,6.82,6.81,47.4,11.0,12.0,3.2,3.6,311.0,362.8,0.7660000000000001,0.792,4.2,4.0,5.8,2.8,16.2,12.4,2.0,2.8,2.8,3.4,0.0,0.0,1.4,0.8,1,1
446,454,6.82,6.890000000000001,49.6,10.8,11.8,2.8,3.8,342.8,358.2,0.7819999999999999,0.7939999999999999,4.6,3.8,6.4,3.0,15.2,13.4,2.2,2.4,3.4,3.4,0.2,0.0,1.2,0.8,1,1
455,451,6.8,6.909999999999999,48.4,10.2,10.6,2.6,3.4,325.6,355.0,0.772,0.7959999999999999,4.0,3.6,6.4,2.4,15.4,12.2,2.6,2.4,4.0,3.0,0.4,0.2,1.0,0.8,1,2
2,619,6.93,6.85,48.0,10.6,9.8,3.2,3.4,319.2,362.0,0.76,0.79,4.2,3.2,5.6,1.2,13.8,13.2,1.6,1.8,3.6,2.6,0.4,0.2,0.8,1.2,1,2
3,1,6.95,6.94,50.6,13.6,7.4,3.8,2.6,353.2,343.0,0.784,0.784,5.4,3.0,6.0,1.6,15.2,13.0,1.4,0.6,3.4,2.2,0.4,0.2,0.8,1.4,2,1
4,448,6.909999999999999,6.8,53.8,12.0,8.6,3.8,3.2,377.6,306.8,0.8140000000000001,0.776,6.2,3.6,5.2,2.0,15.2,14.2,1.4,0.6,3.2,1.8,0.4,0.2,1.2,1.4,2,1
656,7297,6.83,6.779999999999999,53.2,12.0,9.4,4.0,3.2,363.8,307.6,0.806,0.778,6.4,4.0,4.6,2.2,14.4,13.2,1.6,0.4,2.8,2.2,0.2,0.2,1.4,1.4,2,0
5,446,6.75,6.82,56.0,14.0,8.0,4.6,3.4,405.4,306.0,0.8280000000000001,0.772,6.6,4.2,4.8,2.4,13.6,14.4,1.4,1.2,1.8,1.8,0.0,0.0,1.6,1.2,1,1
574,3,6.81,6.95,56.4,14.0,9.0,4.0,3.4,378.4,264.8,0.7979999999999999,0.7380000000000001,6.8,4.8,5.8,3.6,15.0,13.6,1.4,1.6,2.6,2.0,0.0,0.0,1.6,1.0,1,0
447,2,6.840000000000001,6.93,51.6,11.8,11.8,3.4,3.6,321.8,294.2,0.7619999999999999,0.754,5.8,5.8,4.8,4.4,13.8,15.2,2.2,2.0,2.8,2.0,0.0,0.0,1.6,0.6,2,1
570,537,6.76,6.82,47.6,13.0,11.4,3.8,3.4,292.6,318.6,0.7399999999999999,0.772,6.2,5.8,4.8,4.8,13.8,13.4,2.8,2.2,2.4,2.0,0.0,0.0,1.6,0.6,2,1
619,15,6.85,6.779999999999999,44.4,14.0,10.8,4.6,3.8,258.4,335.2,0.7319999999999999,0.7779999999999999,5.8,6.0,5.6,4.8,16.6,12.4,2.8,2.4,2.4,1.6,0.2,0.2,1.6,0.6,2,2
1,572,6.94,6.790000000000001,44.0,14.8,12.0,5.4,4.0,249.4,335.8,0.7299999999999999,0.784,6.4,5.8,6.0,4.8,15.6,12.8,3.0,1.4,2.8,2.8,0.2,0.2,1.6,1.0,2,0
451,454,6.909999999999999,6.890000000000001,46.4,14.4,11.4,5.8,4.0,303.2,351.6,0.7699999999999999,0.8160000000000001,5.8,5.0,5.0,3.6,13.6,13.2,2.8,1.8,2.2,3.0,0.2,0.2,1.8,0.8,2,1
605,455,6.7700000000000005,6.8,52.8,16.2,11.2,7.2,4.6,369.0,305.0,0.806,0.7979999999999999,6.2,4.8,5.8,3.6,13.0,12.6,2.2,1.8,1.8,3.0,0.2,0.2,2.0,1.0,1,2
448,619,6.8,6.85,57.4,16.2,10.4,6.8,5.0,432.4,294.8,0.8300000000000001,0.78,5.2,4.0,5.2,3.0,11.0,13.0,1.2,2.0,2.4,3.6,0.2,0.2,1.8,1.2,2,0
572,656,6.790000000000001,6.83,57.0,14.4,11.0,6.0,4.0,446.8,321.2,0.828,0.7899999999999999,4.6,4.0,4.2,3.8,8.6,13.2,0.8,2.0,2.2,3.0,0.0,0.0,1.8,1.0,2,0
446,605,6.82,6.7700000000000005,54.6,13.4,11.0,5.2,3.8,427.0,335.8,0.8160000000000001,0.7899999999999999,3.8,3.8,3.6,4.0,9.0,11.6,0.6,2.2,1.8,2.0,0.0,0.2,1.8,0.6,0,0
7297,451,6.779999999999999,6.909999999999999,52.8,12.6,11.8,4.2,4.0,398.4,339.0,0.8019999999999999,0.7779999999999999,4.0,4.2,4.0,3.8,9.6,10.6,1.2,1.8,1.8,2.4,0.2,0.4,1.4,0.6,1,3
455,5,6.8,6.75,46.0,10.0,10.8,2.6,4.2,349.0,431.6,0.788,0.8099999999999999,4.0,3.2,4.2,2.4,10.0,11.0,1.2,2.0,2.2,2.4,0.2,0.4,1.2,1.0,1,0
3,4,6.95,6.909999999999999,44.6,9.6,11.4,3.4,3.6,320.2,431.0,0.782,0.812,5.2,3.6,5.4,3.0,11.2,11.0,1.8,1.8,1.6,2.0,0.2,0.4,1.2,0.6,1,2
15,447,6.779999999999999,6.840000000000001,46.6,11.4,10.4,3.8,4.2,339.6,414.0,0.79,0.8039999999999999,5.8,3.4,7.0,2.6,11.0,11.0,2.0,1.6,2.2,2.8,0.2,0.6,1.0,1.0,0,2
454,574,6.890000000000001,6.81,47.8,11.6,11.4,4.0,5.2,336.0,396.6,0.796,0.8119999999999999,6.2,3.6,7.0,2.4,10.2,10.8,2.0,1.4,2.6,3.2,0.4,0.4,0.6,1.4,1,0
537,1,6.82,6.94,46.8,13.8,11.2,5.4,4.6,327.0,402.0,0.806,0.826,6.8,4.4,7.6,2.8,10.2,9.8,1.4,1.8,3.0,2.6,0.2,0.2,0.8,1.4,1,1
2,570,6.93,6.76,49.4,13.8,13.0,5.8,4.2,347.4,354.2,0.8160000000000001,0.8200000000000001,5.6,6.0,6.4,5.0,10.0,10.4,2.0,1.2,3.6,3.0,0.2,0.2,0.8,1.0,2,2
574,455,6.81,6.8,52.4,14.8,12.8,5.4,4.4,372.4,331.8,0.828,0.808,5.4,5.6,6.0,5.0,9.8,10.2,1.4,1.8,3.4,2.6,0.2,0.2,1.0,1.4,3,1
451,446,6.909999999999999,6.82,52.6,13.6,13.6,5.4,4.2,361.0,317.2,0.826,0.806,4.8,5.8,4.4,5.2,9.4,9.8,1.6,2.4,2.8,2.4,0.2,0.0,1.4,1.2,2,1
605,7297,6.7700000000000005,6.779999999999999,54.2,12.0,13.0,4.8,3.4,413.2,330.8,0.8480000000000001,0.806,4.0,5.2,3.6,5.2,11.2,10.8,1.6,2.4,3.2,2.2,0.0,0.0,1.8,1.0,1,0
619,3,6.85,6.95,56.2,10.0,12.6,4.0,3.8,439.2,321.2,0.852,0.798,3.2,5.0,2.4,5.8,12.4,13.0,2.4,1.8,2.6,2.2,0.0,0.0,1.8,1.0,2,0
656,537,6.83,6.82,54.4,11.4,11.8,4.0,3.8,417.6,341.4,0.834,0.7979999999999999,4.2,4.2,3.2,4.6,12.0,11.8,2.0,2.6,1.8,1.8,0.0,0.0,2.0,0.8,1,3
447,448,6.840000000000001,6.8,50.2,11.4,13.0,4.2,4.8,387.0,384.4,0.828,0.828,3.6,4.2,3.0,3.8,12.6,14.0,2.6,2.0,2.0,2.6,0.0,0.4,1.8,1.0,3,0
5,454,6.75,6.890000000000001,49.4,12.0,15.8,4.0,5.0,378.4,388.6,0.8320000000000001,0.8320000000000001,3.2,4.2,3.2,4.2,14.2,14.0,2.6,1.4,2.0,2.2,0.0,0.4,1.8,0.8,1,3
1,2,6.94,6.93,48.8,14.0,16.2,5.0,5.4,342.8,375.2,0.8099999999999999,0.82,4.2,4.8,4.2,4.8,12.8,13.0,2.8,2.2,1.0,2.2,0.0,0.4,1.6,1.2,1,2
570,15,6.76,6.779999999999999,49.6,15.2,16.2,5.2,6.0,339.4,366.6,0.8059999999999998,0.8160000000000001,4.4,3.6,4.8,4.2,12.4,13.2,2.4,2.2,2.0,3.0,0.0,0.6,1.6,1.6,1,1
4,572,6.909999999999999,6.790000000000001,51.2,16.0,14.6,5.2,5.4,337.2,330.0,0.796,0.7979999999999999,4.2,2.6,5.0,4.0,14.6,13.6,2.4,1.8,2.4,3.2,0.0,0.6,1.4,1.8,3,0
454,656,6.890000000000001,6.83,51.0,14.4,16.8,5.0,4.8,334.6,326.2,0.7919999999999999,0.8039999999999999,3.8,4.8,4.0,6.0,12.8,12.4,1.6,1.6,2.2,3.0,0.0,0.2,1.8,1.2,0,0
451,5,6.909999999999999,6.75,51.2,14.0,14.2,4.2,4.8,331.6,316.8,0.784,0.788,5.0,5.4,4.2,5.4,11.2,13.0,1.4,2.0,2.2,3.4,0.0,0.2,1.2,1.2,0,0
455,619,6.8,6.85,56.6,14.6,12.4,4.0,3.4,410.0,284.8,0.8100000000000002,0.766,5.0,4.8,4.4,4.6,12.0,12.2,1.6,1.2,2.6,3.4,0.0,0.2,1.0,0.6,3,0
448,570,6.8,6.76,55.4,15.2,12.0,4.2,2.4,427.2,315.2,0.82,0.7820000000000001,4.6,4.8,4.2,4.4,11.2,10.0,1.8,1.2,1.8,2.8,0.0,0.2,1.4,0.2,1,0
3,605,6.95,6.7700000000000005,57.0,13.8,12.8,4.2,2.2,445.2,301.0,0.8379999999999999,0.778,4.8,5.4,4.0,4.8,9.8,10.4,2.0,0.8,1.0,2.6,0.0,0.2,1.4,0.0,0,4
572,447,6.790000000000001,6.840000000000001,61.2,14.0,10.2,4.0,2.6,479.0,261.0,0.842,0.732,6.0,3.6,5.4,3.0,10.4,9.2,2.4,0.8,1.2,1.8,0.2,0.2,0.8,0.8,3,2
446,574,6.82,6.81,58.8,15.6,10.2,4.8,3.4,471.6,296.6,0.8480000000000001,0.7580000000000001,5.4,3.2,5.8,3.6,11.2,9.0,2.8,1.2,1.6,1.6,0.2,0.2,1.4,1.2,4,0
537,4,6.82,6.909999999999999,53.6,14.6,9.4,5.0,3.4,405.4,332.4,0.844,0.788,4.8,3.4,6.0,3.4,11.4,9.6,2.8,1.4,1.4,1.6,0.2,0.4,2.2,1.2,0,2
7297,1,6.779999999999999,6.94,56.0,14.8,9.6,4.4,3.6,420.6,305.0,0.85,0.78,5.4,3.2,5.8,3.2,11.2,11.0,2.4,1.4,1.4,1.4,0.2,0.2,1.6,1.6,0,0
15,2,6.779999999999999,6.93,52.6,14.4,9.8,4.2,3.8,396.6,343.4,0.842,0.804,5.2,3.6,5.2,3.0,10.4,11.0,1.8,2.2,2.4,1.6,0.2,0.2,1.4,1.6,1,1
656,3,6.83,6.95,47.0,14.4,8.2,3.8,2.8,336.0,381.8,0.8099999999999999,0.8300000000000001,4.8,3.6,4.6,3.2,10.4,11.8,1.8,2.6,2.6,2.8,0.0,0.4,1.6,1.0,1,1
619,446,6.85,6.82,48.0,12.0,8.2,3.6,2.4,342.0,375.8,0.798,0.8240000000000001,5.4,3.6,4.2,2.4,10.6,12.8,1.4,2.2,2.4,3.0,0.0,0.4,1.2,0.8,0,1
4,454,6.909999999999999,6.890000000000001,48.6,10.8,9.8,2.2,2.8,360.6,382.2,0.788,0.8220000000000001,5.6,4.2,3.6,4.2,10.6,13.8,0.8,2.8,2.6,3.2,0.0,0.4,0.4,1.0,2,0
1,5,6.94,6.75,46.6,8.2,11.6,2.4,3.2,350.4,404.0,0.782,0.8299999999999998,5.0,5.2,3.6,5.2,10.2,13.2,1.0,3.2,2.4,3.0,0.0,0.4,0.8,0.6,2,2
570,455,6.76,6.8,52.2,11.6,11.6,3.4,4.0,380.0,341.6,0.798,0.788,6.6,5.2,4.8,4.6,10.4,13.0,1.4,2.4,1.8,3.4,0.0,0.4,1.2,1.0,2,0
574,451,6.81,6.909999999999999,48.8,9.6,15.6,3.4,4.6,359.0,372.8,0.782,0.8100000000000002,5.6,6.8,4.2,5.6,10.6,12.6,1.2,3.0,2.6,3.0,0.4,0.2,1.4,0.8,0,3
605,537,6.7700000000000005,6.82,49.4,9.0,16.2,3.0,5.2,385.8,388.0,0.808,0.8240000000000001,5.0,7.0,3.8,6.0,10.0,10.6,1.2,2.8,2.4,2.4,0.4,0.2,1.2,1.2,3,1
2,448,6.93,6.8,47.8,10.4,15.4,4.6,5.2,367.6,402.2,0.8039999999999999,0.8280000000000001,5.4,6.2,3.6,4.6,8.4,9.6,2.0,2.0,2.2,2.0,0.4,0.0,1.8,1.2,4,0
447,7297,6.840000000000001,6.779999999999999,46.6,12.6,12.6,5.6,4.6,339.2,395.8,0.798,0.82,6.0,5.8,4.2,3.6,11.6,9.4,1.8,1.6,2.4,2.0,0.4,0.0,2.2,1.2,0,0
15,572,6.779999999999999,6.790000000000001,44.8,11.2,11.6,5.2,4.2,356.0,436.6,0.806,0.8539999999999999,4.4,4.8,3.4,4.0,12.2,8.8,2.2,2.0,2.4,1.6,0.4,0.0,1.8,0.8,2,1
5,574,6.75,6.81,47.4,13.0,9.8,5.6,3.6,366.8,406.6,0.8099999999999999,0.836,5.6,3.2,4.0,3.4,12.8,8.6,2.6,1.2,2.2,1.4,0.2,0.0,1.8,1.0,1,2
537,447,6.82,6.840000000000001,47.2,13.0,9.0,5.6,3.0,334.6,375.0,0.784,0.8160000000000001,5.2,3.0,3.6,2.8,14.0,9.8,2.6,1.6,2.4,2.0,0.2,0.0,2.0,0.8,1,4
448,15,6.8,6.779999999999999,51.0,11.6,10.0,4.4,3.8,382.0,345.4,0.8019999999999999,0.818,4.4,3.4,3.2,3.2,14.2,10.4,2.0,1.8,2.2,1.8,0.4,0.0,1.6,1.4,3,1
451,656,6.909999999999999,6.83,52.0,11.4,12.0,3.8,4.8,366.2,316.8,0.78,0.79,4.4,4.4,3.0,3.8,12.8,10.8,1.8,2.0,2.4,1.6,0.4,0.2,1.4,1.6,2,1
455,4,6.8,6.909999999999999,53.8,10.6,12.4,3.4,4.6,373.4,291.8,0.7779999999999999,0.774,5.2,4.6,3.4,3.8,13.2,11.6,1.2,1.6,2.4,1.8,0.4,0.2,1.8,1.8,2,1
454,605,6.890000000000001,6.7700000000000005,54.2,11.0,11.8,3.6,5.2,396.6,318.0,0.8160000000000001,0.794,4.8,4.6,3.4,3.6,13.2,11.2,0.6,1.4,1.6,2.0,0.2,0.2,1.8,1.8,1,0
7297,619,6.779999999999999,6.85,55.4,12.2,12.0,4.2,4.6,408.2,306.8,0.812,0.772,4.4,4.0,4.2,3.6,12.8,11.2,0.4,1.4,1.4,1.8,0.2,0.2,1.8,1.4,2,6
3,570,6.95,6.76,50.4,14.2,13.8,5.0,6.0,344.6,342.0,0.804,0.784,5.4,4.4,5.2,3.4,12.4,10.8,0.2,1.2,2.2,2.4,0.2,0.2,2.0,1.8,4,2
446,1,6.82,6.94,54.4,15.4,12.2,5.6,5.4,412.2,332.0,0.8400000000000001,0.7860000000000001,5.8,3.2,6.4,3.2,12.2,12.2,0.4,1.2,2.4,3.0,0.2,0.0,2.2,2.0,1,0
572,2,6.790000000000001,6.93,48.6,15.2,11.4,6.0,5.4,353.0,377.6,0.8119999999999999,0.804,5.4,3.6,6.0,2.8,12.0,10.8,1.0,1.6,3.0,3.0,0.2,0.0,2.0,1.8,3,2
605,5,6.7700000000000005,6.75,47.2,15.6,11.8,6.4,5.2,333.0,375.6,0.788,0.7939999999999999,5.2,4.0,6.0,3.8,11.8,11.6,1.4,2.0,3.4,2.6,0.2,0.0,2.2,2.0,3,1
656,446,6.83,6.82,46.0,15.6,12.2,6.4,5.6,314.6,378.0,0.782,0.8039999999999999,5.8,4.6,5.8,4.8,11.6,12.0,1.8,1.8,3.2,2.6,0.2,0.0,2.6,2.2,1,3
447,455,6.840000000000001,6.8,49.0,14.2,9.6,5.6,3.8,336.2,343.4,0.78,0.782,6.2,4.6,5.8,5.4,12.6,12.6,2.0,2.0,3.2,2.4,0.0,0.0,2.4,1.6,1,0
4,574,6.909999999999999,6.81,46.4,12.6,9.6,4.6,3.6,306.6,369.6,0.77,0.806,6.4,4.8,5.2,5.4,12.6,11.8,2.0,1.6,3.6,2.2,0.0,0.0,1.8,1.2,2,0
1,451,6.94,6.909999999999999,51.2,13.6,9.6,5.4,3.6,370.6,344.0,0.8039999999999999,0.806,6.4,4.0,5.4,5.8,11.4,12.2,2.0,1.4,2.6,1.8,0.0,0.0,2.0,1.2,1,1
619,454,6.85,6.890000000000001,56.4,14.2,8.4,4.8,3.4,426.2,308.2,0.8380000000000001,0.796,6.6,3.2,5.4,4.6,12.2,12.2,2.2,1.2,2.8,2.8,0.0,0.2,1.6,1.0,1,3
448,7297,6.8,6.779999999999999,59.2,14.0,7.6,4.6,3.6,470.4,304.4,0.8699999999999999,0.8099999999999999,6.6,2.6,5.2,3.6,13.0,12.8,1.8,1.2,3.0,2.6,0.0,0.2,1.2,1.4,1,0
570,572,6.76,6.790000000000001,60.2,14.4,7.8,5.0,3.2,472.2,294.8,0.868,0.8019999999999999,6.0,1.8,5.2,3.0,14.2,12.0,2.6,1.8,2.6,2.6,0.0,0.2,1.2,0.8,0,0
15,537,6.779999999999999,6.82,58.0,13.6,8.6,5.0,3.4,451.8,309.6,0.858,0.8019999999999999,5.4,2.0,4.8,3.2,13.2,11.2,3.4,2.0,1.8,2.6,0.0,0.4,1.0,0.8,0,1
2,3,6.93,6.95,55.2,12.6,10.8,4.2,3.4,405.2,319.4,0.8300000000000001,0.7919999999999999,4.8,2.4,5.2,2.4,15.0,12.0,2.8,2.4,2.4,2.6,0.0,0.4,0.6,1.0,2,2
455,656,6.8,6.83,51.8,11.2,12.0,4.4,3.4,363.0,333.4,0.8099999999999999,0.798,3.8,3.6,5.0,2.6,15.8,11.8,2.6,3.2,2.0,2.2,0.0,0.2,0.8,1.2,1,1
451,605,6.909999999999999,6.7700000000000005,48.4,10.8,12.0,4.2,3.2,318.0,343.4,0.784,0.7859999999999999,4.2,3.6,5.2,3.0,16.0,12.2,3.2,3.0,2.0,2.8,0.0,0.2,0.8,0.8,3,1
5,4,6.75,6.909999999999999,48.6,12.0,11.6,4.8,3.2,354.6,360.0,0.794,0.8,4.0,4.0,4.8,3.0,15.0,12.2,2.8,2.0,1.8,2.6,0.0,0.2,1.2,1.0,1,2
454,1,6.890000000000001,6.94,44.8,13.0,12.6,5.8,3.6,327.6,415.8,0.782,0.818,3.8,4.2,4.2,3.0,16.4,11.8,1.8,2.0,2.2,2.8,0.0,0.0,1.4,1.4,2,0
574,447,6.81,6.840000000000001,43.2,12.6,12.2,5.4,4.4,311.4,414.4,0.7739999999999999,0.8160000000000001,3.6,5.0,3.0,4.2,17.2,12.2,1.8,1.4,2.2,3.0,0.0,0.0,1.8,1.2,1,3
446,448,6.82,6.8,44.6,11.8,11.8,4.8,4.8,315.4,401.8,0.768,0.8140000000000001,4.0,4.6,2.8,4.2,14.6,12.2,1.8,1.2,2.6,2.6,0.2,0.2,1.6,1.4,1,1
572,619,6.790000000000001,6.85,47.2,14.6,10.8,5.6,4.2,342.2,387.2,0.776,0.798,3.4,4.4,3.6,3.6,13.4,11.2,1.4,1.2,2.2,2.8,0.2,0.6,1.6,1.4,2,1
537,2,6.82,6.93,43.8,13.4,12.2,5.0,4.8,291.6,408.6,0.762,0.8019999999999999,3.6,4.4,3.6,3.6,14.2,12.0,1.4,1.6,2.2,2.8,0.2,0.6,1.4,1.4,1,1
7297,570,6.779999999999999,6.76,43.4,11.0,15.0,3.8,6.6,285.6,408.2,0.748,0.804,2.8,4.4,3.2,4.8,12.2,12.8,1.4,2.0,1.8,2.4,0.6,0.6,1.4,1.2,2,2
3,15,6.95,6.779999999999999,44.8,11.6,13.8,4.2,6.2,300.0,407.8,0.758,0.8099999999999999,2.8,3.4,3.6,4.4,10.8,13.0,1.8,2.4,1.6,2.4,0.6,0.6,1.4,1.6,2,1
656,5,6.83,6.75,46.0,12.2,15.2,4.4,6.2,304.8,389.2,0.752,0.784,3.0,2.8,3.6,4.6,11.6,14.0,1.6,2.2,1.4,2.6,0.6,0.4,1.6,1.2,2,0
605,574,6.7700000000000005,6.81,45.6,12.0,15.6,5.0,6.2,290.0,383.4,0.7539999999999999,0.792,3.8,3.2,2.6,4.6,12.8,16.0,2.2,2.2,1.6,2.8,0.6,0.2,1.8,1.0,0,1
1,455,6.94,6.8,46.6,12.4,14.8,5.0,6.2,282.0,359.2,0.732,0.768,3.8,3.8,3.0,4.4,12.4,15.6,1.8,2.0,2.0,3.2,0.6,0.2,1.4,1.0,2,0
4,451,6.909999999999999,6.909999999999999,51.0,15.8,11.6,6.0,4.0,308.4,290.8,0.758,0.74,4.6,4.0,4.2,2.6,14.8,16.2,2.0,2.4,2.6,3.6,0.2,0.2,1.6,0.8,0,0
448,572,6.8,6.790000000000001,53.8,15.4,11.2,5.8,4.0,352.6,283.2,0.78,0.74,5.0,4.4,4.2,2.0,13.6,16.0,1.4,2.2,2.4,3.6,0.2,0.2,1.2,0.4,0,1
15,454,6.779999999999999,6.890000000000001,53.8,15.2,9.8,5.4,3.6,364.6,293.6,0.794,0.75,5.4,4.6,5.0,1.6,14.2,14.8,1.2,2.2,1.8,2.8,0.0,0.2,0.8,0.4,1,1
619,537,6.85,6.82,56.0,14.0,10.0,4.2,4.0,388.0,283.2,0.8,0.734,5.4,4.4,4.8,1.6,13.6,13.0,1.4,2.2,2.0,1.8,0.0,0.0,0.6,0.6,1,1
2,7297,6.93,6.779999999999999,55.8,14.2,10.8,4.2,3.8,409.0,306.4,0.8300000000000001,0.766,5.4,4.0,4.8,2.2,13.4,12.4,2.4,2.0,1.6,1.6,0.0,0.0,0.8,0.6,2,0
447,3,6.840000000000001,6.95,59.0,13.8,9.8,4.4,3.4,468.4,300.0,0.85,0.778,5.2,3.0,3.8,2.6,12.8,11.4,3.6,1.6,1.0,1.2,0.0,0.0,0.8,0.6,1,0
570,446,6.76,6.82,56.6,14.0,10.8,4.4,3.6,422.2,302.2,0.828,0.776,5.6,2.8,3.6,2.6,14.8,11.4,4.0,1.4,1.4,1.6,0.0,0.0,1.0,0.6,3,0
4,7297,6.909999999999999,6.779999999999999,53.4,14.2,10.4,5.4,4.0,406.6,346.2,0.8320000000000001,0.808,5.0,3.6,3.0,3.4,14.8,11.2,4.6,1.2,2.0,1.6,0.0,0.0,1.6,0.4,1,0
572,537,6.790000000000001,6.82,54.2,16.0,9.2,6.0,3.2,440.0,352.0,0.844,0.826,5.0,3.4,4.2,3.6,13.6,10.8,4.8,1.0,1.6,1.8,0.0,0.0,1.6,0.2,3,1
619,451,6.85,6.909999999999999,50.8,15.2,9.6,6.0,3.2,398.0,367.0,0.8200000000000001,0.826,4.6,3.4,4.2,4.0,15.4,10.8,4.0,1.6,1.6,2.0,0.0,0.0,2.0,0.2,1,1
656,574,6.83,6.81,48.2,14.4,10.4,4.8,3.6,370.4,397.2,0.818,0.834,5.0,3.8,5.2,3.8,14.6,11.2,2.8,2.0,1.8,2.6,0.2,0.2,1.8,0.4,3,1
1,605,6.94,6.7700000000000005,48.0,15.0,10.4,5.6,3.2,364.0,389.6,0.806,0.826,5.0,4.0,5.4,5.2,13.0,11.4,2.6,2.2,1.6,1.8,0.2,0.2,2.2,0.6,0,1
447,446,6.840000000000001,6.82,53.0,17.2,9.6,5.6,2.8,400.6,336.8,0.8100000000000002,0.788,7.0,2.8,7.2,4.0,13.8,11.8,2.2,2.0,1.4,1.8,0.2,0.2,1.6,0.8,0,1
570,5,6.76,6.75,51.4,15.4,11.2,5.0,3.2,358.2,335.6,0.7979999999999999,0.7859999999999999,7.2,3.4,6.8,4.4,13.8,12.2,1.2,2.8,2.0,2.0,0.2,0.2,1.4,1.0,1,0
15,455,6.779999999999999,6.8,54.6,14.8,9.8,4.6,2.6,380.6,303.4,0.8039999999999999,0.768,7.8,3.0,6.4,3.2,12.2,13.0,2.2,2.4,1.8,1.6,0.2,0.2,1.0,0.8,4,0
448,3,6.8,6.95,52.2,13.4,10.4,5.0,2.6,328.6,287.4,0.774,0.756,7.0,4.8,5.8,4.6,13.4,13.4,2.6,1.6,2.2,0.8,0.2,0.0,1.6,0.6,2,2
2,454,6.93,6.890000000000001,53.6,12.4,12.4,4.4,3.8,335.0,272.0,0.78,0.744,6.4,4.8,6.0,3.8,14.8,13.8,3.0,1.8,2.8,1.4,0.4,0.2,1.4,0.8,1,2
3,572,6.95,6.790000000000001,53.4,11.4,14.0,4.0,5.0,339.8,280.0,0.7979999999999999,0.7719999999999999,5.8,4.8,5.0,4.0,14.6,13.8,3.4,1.6,2.8,2.0,0.4,0.2,1.6,1.0,1,0
7297,15,6.779999999999999,6.779999999999999,52.6,11.6,13.2,4.0,5.2,349.0,296.2,0.7939999999999999,0.7719999999999999,6.2,4.6,4.4,3.8,14.6,14.0,3.8,1.4,2.4,2.0,0.4,0.2,1.8,0.8,1,2
454,570,6.890000000000001,6.76,55.0,12.4,13.8,3.8,5.6,359.4,267.6,0.796,0.74,5.2,5.4,3.8,4.4,13.2,14.4,2.8,2.0,2.6,2.0,0.4,0.2,1.8,1.2,1,1
446,4,6.82,6.909999999999999,57.0,13.6,14.0,4.4,7.2,388.6,268.0,0.812,0.748,6.0,5.0,4.2,4.0,12.0,13.0,2.4,2.8,1.8,2.0,0.2,0.2,1.2,1.4,1,1
537,448,6.82,6.8,55.2,13.6,11.6,4.2,5.8,395.8,308.4,0.82,0.772,6.0,4.6,3.6,3.4,11.6,11.6,2.0,2.6,1.2,1.6,0.0,0.0,1.0,1.2,2,0
455,2,6.8,6.93,52.0,12.6,11.6,4.4,4.8,363.4,327.2,0.798,0.7699999999999999,5.0,5.0,2.8,4.4,11.0,11.2,1.8,2.8,1.6,1.4,0.2,0.0,1.2,0.8,1,1
5,619,6.75,6.85,48.2,12.2,11.0,4.2,4.6,336.6,373.2,0.792,0.7979999999999999,3.2,4.4,2.8,5.0,12.8,10.2,1.2,3.0,2.0,1.0,0.2,0.0,1.2,1.0,0,2
605,656,6.7700000000000005,6.83,42.4,12.6,11.2,4.8,5.4,306.6,452.6,0.7879999999999999,0.85,4.4,3.2,3.6,4.2,15.4,8.8,1.2,2.4,2.6,1.0,0.2,0.0,1.0,1.0,0,2
574,1,6.81,6.94,42.6,12.4,10.8,3.8,4.0,308.0,454.6,0.78,0.842,4.8,2.6,3.4,3.2,15.6,10.0,1.0,2.0,2.6,1.0,0.4,0.0,0.8,1.2,4,2
451,447,6.909999999999999,6.840000000000001,42.2,13.6,11.4,4.4,4.4,290.4,438.0,0.772,0.8380000000000001,6.0,3.2,4.2,3.8,14.4,9.4,1.4,1.8,3.2,1.8,0.4,0.2,1.4,1.4,2,1
537,3,6.82,6.95,42.0,14.0,11.0,4.2,4.4,303.4,458.6,0.786,0.8459999999999999,5.6,3.2,4.6,3.6,13.8,9.6,1.8,1.8,2.8,1.6,0.2,0.2,1.4,1.6,0,1
447,454,6.840000000000001,6.890000000000001,43.4,13.6,12.4,4.6,4.6,309.8,437.0,0.788,0.836,6.0,3.8,4.4,3.2,12.2,10.2,2.8,1.8,2.4,1.6,0.2,0.2,1.2,1.6,1,0
15,446,6.779999999999999,6.82,48.0,14.4,13.0,5.2,4.2,343.0,383.0,0.8140000000000001,0.8300000000000001,5.8,5.2,5.0,3.8,10.2,11.8,3.0,1.6,2.2,1.8,0.2,0.2,1.4,1.2,2,1
570,451,6.76,6.909999999999999,45.6,14.2,14.2,5.4,4.4,301.2,379.0,0.776,0.826,5.4,4.0,5.2,4.6,11.6,12.0,3.0,1.4,3.0,2.6,0.0,0.2,1.8,1.0,1,0
4,605,6.909999999999999,6.7700000000000005,43.8,11.6,14.6,4.2,4.2,305.0,428.4,0.78,0.8420000000000002,4.0,3.2,4.4,4.4,12.8,13.2,2.6,1.4,2.4,2.2,0.0,0.0,1.2,0.6,1,1
2,5,6.93,6.75,47.4,13.6,13.4,5.2,4.0,328.4,389.2,0.778,0.8260000000000002,5.4,3.0,5.2,3.4,13.2,13.2,2.2,1.4,2.4,2.4,0.0,0.0,1.0,0.6,2,1
448,455,6.8,6.8,50.4,14.8,11.8,5.2,3.6,361.0,364.2,0.792,0.818,5.6,2.6,5.8,2.8,14.4,15.2,1.2,0.8,2.6,3.0,0.0,0.0,1.4,0.6,2,1
619,574,6.85,6.81,48.8,13.0,12.4,4.2,4.6,328.8,355.4,0.746,0.786,5.2,2.6,6.0,3.4,15.4,15.2,0.8,1.4,2.4,3.2,0.0,0.2,1.6,0.8,6,0
1,656,6.94,6.83,53.6,15.0,8.8,5.6,3.8,406.6,339.2,0.808,0.78,4.8,2.6,5.4,2.2,13.2,15.0,0.8,1.4,1.8,2.6,0.0,0.2,2.4,0.6,1,3
572,7297,6.790000000000001,6.779999999999999,58.4,17.2,9.2,6.6,3.8,437.4,274.8,0.8220000000000001,0.76,5.4,3.6,5.8,2.0,12.0,14.6,1.0,2.2,1.4,2.2,0.0,0.2,2.4,1.2,0,0
7297,3,6.779999999999999,6.95,54.4,15.8,10.0,6.0,3.4,376.8,281.2,0.7779999999999999,0.748,4.8,4.0,5.4,2.2,12.6,15.0,1.0,2.2,1.4,2.4,0.0,0.2,2.2,1.0,1,1
446,2,6.82,6.93,49.6,14.4,13.2,5.8,4.0,333.6,335.8,0.76,0.77,4.6,4.8,4.6,2.6,12.0,12.8,1.4,2.8,1.4,2.0,0.0,0.2,2.0,1.0,1,1
454,537,6.890000000000001,6.82,49.6,15.8,11.4,6.2,2.6,332.0,337.6,0.768,0.78,5.2,4.6,4.2,1.8,11.8,13.6,2.2,2.4,1.4,2.0,0.0,0.0,1.8,1.0,5,0
451,15,6.909999999999999,6.779999999999999,47.8,15.2,12.6,6.0,3.4,301.2,352.4,0.7620000000000001,0.8,6.0,5.2,4.4,2.2,13.2,12.8,2.8,2.2,1.4,2.6,0.0,0.2,1.6,1.0,1,2
574,448,6.81,6.8,50.8,16.4,10.4,6.2,3.6,339.2,333.8,0.7659999999999999,0.7819999999999999,6.2,4.4,4.2,2.6,13.0,12.4,2.8,1.6,1.6,2.6,0.0,0.2,1.6,0.8,0,0
656,570,6.83,6.76,52.4,15.8,9.8,5.4,3.4,348.4,316.8,0.7779999999999999,0.768,6.2,4.4,4.0,3.4,12.6,11.2,2.8,1.4,1.8,2.2,0.0,0.2,1.6,0.8,3,1
5,447,6.75,6.840000000000001,55.8,16.8,8.0,5.8,3.0,362.8,260.0,0.7879999999999999,0.744,6.4,3.8,5.0,3.8,13.2,11.6,3.0,1.0,1.8,2.2,0.0,0.2,2.0,0.8,0,1
455,572,6.8,6.790000000000001,56.0,14.8,8.8,5.4,3.2,393.4,285.4,0.8099999999999999,0.76,5.8,3.4,4.0,3.8,13.4,10.0,2.0,1.2,2.2,1.8,0.2,0.2,1.8,0.8,0,0
605,619,6.7700000000000005,6.85,56.6,13.6,10.0,4.4,3.6,408.2,282.4,0.8059999999999998,0.7459999999999999,5.0,3.6,4.6,5.0,13.4,11.0,2.2,1.4,2.6,1.2,0.2,0.0,0.8,0.8,1,3
1,4,6.94,6.909999999999999,53.4,12.6,11.2,4.0,3.6,377.8,311.2,0.7979999999999999,0.7579999999999999,5.2,3.6,5.4,4.6,14.8,11.8,2.0,1.4,2.6,1.8,0.2,0.0,0.8,1.0,1,2
447,605,6.840000000000001,6.7700000000000005,53.6,13.2,13.6,4.8,4.6,390.2,320.0,0.8140000000000001,0.774,4.8,4.4,4.8,4.0,15.0,13.6,1.6,1.4,2.4,2.4,0.2,0.0,1.0,1.4,1,0
570,574,6.76,6.81,54.0,12.8,12.8,4.4,4.8,400.4,324.6,0.8140000000000001,0.772,5.2,4.2,4.6,3.0,14.0,12.2,1.4,1.2,2.2,2.0,0.2,0.0,0.6,1.2,4,3
572,446,6.790000000000001,6.82,53.6,13.2,13.4,5.2,4.8,386.0,316.0,0.8099999999999999,0.77,5.0,4.4,5.4,3.2,13.4,12.4,2.0,1.0,1.4,2.2,0.0,0.0,1.4,1.6,5,1
4,656,6.909999999999999,6.83,52.4,13.2,13.2,5.8,4.4,364.6,318.8,0.8,0.776,5.2,4.0,5.0,2.4,13.4,11.8,1.4,1.6,1.6,2.6,0.0,0.2,2.4,1.8,1,0
537,7297,6.82,6.779999999999999,50.4,11.6,13.8,5.6,4.2,339.2,328.2,0.7959999999999999,0.7899999999999999,4.2,4.2,4.2,3.4,14.4,12.0,1.6,1.6,2.0,2.8,0.2,0.4,2.4,1.2,1,0
2,451,6.93,6.909999999999999,49.2,11.4,12.6,5.8,4.2,353.8,363.8,0.8099999999999999,0.8140000000000001,4.4,3.6,4.4,4.6,13.4,11.4,2.0,2.0,1.8,3.0,0.2,0.4,2.4,0.8,0,1
448,454,6.8,6.890000000000001,48.4,11.2,14.2,5.4,4.8,353.8,378.6,0.82,0.834,3.4,4.4,4.4,5.2,14.6,12.4,2.0,2.8,2.2,3.8,0.2,0.4,2.2,1.0,1,3
619,1,6.85,6.94,50.4,13.0,14.0,6.2,5.6,369.6,362.2,0.8300000000000001,0.828,4.0,4.6,4.6,5.6,15.2,11.8,1.4,3.2,3.4,4.0,0.2,0.4,1.6,1.0,1,1
3,455,6.95,6.8,51.6,13.6,12.8,5.8,5.4,383.0,354.6,0.842,0.82,4.8,4.2,4.6,5.0,14.8,12.2,2.0,2.8,2.6,3.6,0.4,0.2,0.8,1.0,0,0
15,5,6.779999999999999,6.75,54.2,15.6,10.8,5.8,5.0,414.4,340.0,0.85,0.8,6.6,4.0,6.0,3.8,14.6,12.0,1.6,3.0,3.2,3.6,0.4,0.0,0.6,1.0,0,2
5,448,6.75,6.8,56.0,17.0,9.2,5.2,4.4,389.8,289.4,0.826,0.76,6.8,4.2,6.8,2.6,15.2,12.2,1.4,3.0,3.6,3.2,0.4,0.0,0.4,1.4,0,0
605,2,6.7700000000000005,6.93,58.6,16.8,8.4,5.4,3.6,382.8,246.8,0.8140000000000001,0.7180000000000001,7.8,3.6,6.4,3.2,16.4,12.2,1.4,2.2,3.4,3.0,0.4,0.0,0.4,1.2,1,2
451,572,6.909999999999999,6.790000000000001,56.2,15.6,9.0,4.2,2.4,370.0,275.6,0.798,0.728,6.8,4.0,6.2,3.0,15.0,13.4,1.8,1.8,2.6,3.2,0.6,0.0,0.4,1.0,2,0
1,570,6.94,6.76,56.2,14.8,11.8,3.8,2.0,377.2,278.8,0.796,0.7300000000000001,5.6,5.0,6.0,4.2,14.6,12.2,1.6,1.2,2.8,3.2,0.4,0.0,0.6,0.8,1,1
446,7297,6.82,6.779999999999999,57.0,16.6,11.8,4.4,2.2,381.4,268.4,0.794,0.728,6.0,5.2,6.4,4.4,12.6,12.2,1.6,1.6,1.8,2.4,0.2,0.0,0.8,1.0,2,1
455,537,6.8,6.82,56.0,15.0,13.6,4.6,2.8,392.2,296.8,0.808,0.76,6.0,4.4,6.2,4.4,13.2,11.8,2.4,1.6,1.6,2.0,0.2,0.0,1.2,0.8,3,0
4,447,6.909999999999999,6.840000000000001,53.8,15.6,13.4,5.4,3.0,416.8,348.8,0.82,0.7999999999999999,5.6,4.0,6.2,3.2,11.2,11.8,2.2,1.8,1.4,2.0,0.2,0.0,1.8,0.8,2,1
656,619,6.83,6.85,54.0,16.0,12.0,5.6,3.4,420.8,341.8,0.834,0.7979999999999999,6.2,3.2,5.6,3.8,11.6,11.4,1.8,1.6,1.0,1.8,0.0,0.0,2.0,0.6,2,2
454,3,6.890000000000001,6.95,52.2,18.4,9.8,6.2,3.6,390.6,352.6,0.8220000000000001,0.8059999999999998,8.4,2.6,5.8,2.8,11.8,11.4,1.8,1.8,1.4,1.8,0.0,0.0,2.0,1.0,1,1
574,15,6.81,6.779999999999999,50.2,16.6,11.2,5.4,4.2,353.4,355.0,0.808,0.8039999999999999,7.4,2.8,5.2,3.4,13.6,11.4,2.6,2.6,2.0,2.0,0.0,0.0,2.0,1.0,2,1
448,451,6.8,6.909999999999999,50.6,16.8,9.8,5.6,3.8,350.6,338.6,0.796,0.778,7.0,3.6,4.8,3.0,14.4,10.8,2.0,2.2,2.6,2.4,0.0,0.0,2.0,1.0,0,2
447,656,6.840000000000001,6.83,49.4,17.2,9.4,5.2,4.0,327.0,344.2,0.7899999999999999,0.78,7.6,3.8,5.6,3.2,12.4,12.0,2.0,2.0,2.8,2.6,0.0,0.0,1.4,1.4,4,4
7297,455,6.779999999999999,6.8,51.8,17.0,9.2,5.2,4.2,329.4,310.6,0.782,0.752,7.2,3.8,6.4,2.4,12.2,12.2,3.0,2.2,3.2,3.2,0.0,0.0,1.8,2.0,1,2
570,605,6.76,6.7700000000000005,50.6,15.6,9.2,4.6,4.4,340.4,349.2,0.794,0.762,6.4,3.6,6.6,2.0,11.2,12.2,2.6,3.0,2.8,3.2,0.0,0.0,1.6,2.0,2,1
3,5,6.95,6.75,48.0,15.0,9.2,4.6,4.4,327.8,380.2,0.784,0.782,5.2,4.4,6.6,2.2,10.4,12.8,2.6,1.6,2.8,3.4,0.0,0.0,1.8,2.0,1,0
572,454,6.790000000000001,6.890000000000001,48.4,15.6,9.6,5.0,4.0,338.4,385.6,0.798,0.792,5.8,3.6,7.0,2.4,9.6,13.2,2.4,1.8,2.4,3.0,0.0,0.0,1.6,1.8,0,3
537,446,6.82,6.82,48.4,14.0,11.8,4.8,5.0,334.6,373.0,0.79,0.784,5.2,4.6,6.2,3.2,11.6,10.8,3.0,2.0,2.4,2.4,0.0,0.0,1.6,2.0,1,0
619,4,6.85,6.909999999999999,48.0,13.8,11.6,4.2,4.4,345.4,386.4,0.8,0.8039999999999999,5.4,4.4,5.2,3.6,12.4,10.6,2.2,2.4,2.6,2.0,0.0,0.0,1.0,1.2,0,4
2,574,6.93,6.81,51.2,14.2,13.0,4.4,4.8,353.4,328.4,0.806,0.79,4.6,6.0,4.8,4.0,12.6,11.0,2.2,1.6,2.4,1.8,0.0,0.0,0.8,1.6,2,0
15,1,6.779999999999999,6.94,54.6,14.4,12.8,5.0,4.6,381.4,299.8,0.8320000000000001,0.788,6.2,5.2,4.4,3.2,12.8,11.0,1.6,1.8,1.6,1.6,0.0,0.0,0.8,1.4,2,3
454,455,6.890000000000001,6.8,55.6,13.4,13.0,4.4,5.8,369.0,279.4,0.828,0.778,5.8,6.0,4.4,3.4,13.4,10.8,1.6,2.0,1.6,2.0,0.0,0.0,1.0,2.0,0,0
4,570,6.909999999999999,6.76,55.4,14.4,11.4,4.4,4.6,376.8,290.2,0.8379999999999999,0.784,5.4,5.2,4.4,3.2,14.0,10.8,1.0,2.2,1.2,2.0,0.0,0.0,1.0,1.4,3,2
451,537,6.909999999999999,6.82,58.4,16.2,13.0,5.8,5.6,431.8,278.6,0.8480000000000001,0.7739999999999999,5.6,5.6,4.6,3.4,12.2,9.8,0.8,2.2,0.6,1.2,0.0,0.0,1.4,1.8,1,2
446,3,6.82,6.95,59.2,15.4,10.6,5.6,5.2,478.8,295.2,0.8520000000000001,0.776,5.0,4.2,4.4,3.2,13.4,9.6,1.0,2.4,1.0,1.6,0.0,0.0,1.6,1.4,2,3
5,572,6.75,6.790000000000001,57.2,16.4,11.8,5.6,6.2,456.6,308.2,0.8379999999999999,0.776,4.2,4.6,5.8,3.6,12.2,9.6,1.0,2.0,1.0,1.8,0.0,0.0,1.6,2.0,3,2
605,15,6.7700000000000005,6.779999999999999,56.0,15.6,12.2,5.6,5.4,457.4,324.8,0.8300000000000001,0.78,4.8,4.2,5.2,3.2,11.8,9.6,1.2,2.2,0.8,1.8,0.0,0.0,1.8,1.8,3,1
619,447,6.85,6.840000000000001,55.2,16.0,12.0,6.0,5.6,430.8,314.2,0.796,0.766,5.8,4.6,5.6,2.8,10.6,11.6,1.8,1.6,0.8,1.8,0.0,0.0,2.4,2.0,5,1
574,7297,6.81,6.779999999999999,51.2,15.0,11.4,5.8,4.8,371.4,343.6,0.78,0.79,5.4,4.6,5.2,2.4,12.0,12.4,2.4,1.8,1.0,2.4,0.0,0.2,2.8,1.8,5,2
1,448,6.94,6.8,48.8,15.0,13.2,6.8,5.4,313.6,341.4,0.758,0.784,5.4,4.8,5.0,3.2,11.2,12.4,2.4,1.8,0.8,2.0,0.0,0.2,3.6,1.8,4,2
656,2,6.83,6.93,50.6,14.6,11.2,7.4,4.2,320.8,317.2,0.774,0.776,6.0,4.4,3.6,2.4,13.4,12.2,2.4,1.8,2.0,2.4,0.0,0.4,4.0,1.6,1,2
7297,454,6.779999999999999,6.890000000000001,51.2,16.0,10.6,8.0,4.0,339.0,325.0,0.788,0.79,6.0,4.4,3.8,3.0,13.0,13.8,3.0,1.4,2.8,2.0,0.2,0.4,3.6,1.6,1,0
448,605,6.8,6.7700000000000005,51.2,15.8,12.8,7.8,3.6,353.0,340.4,0.812,0.8039999999999999,5.6,4.6,4.0,3.6,13.6,12.8,2.4,1.4,3.0,1.8,0.2,0.4,3.2,1.4,1,2
15,656,6.779999999999999,6.83,53.2,13.4,13.0,6.4,4.4,368.4,323.2,0.8160000000000001,0.79,5.8,4.0,5.0,3.2,14.0,13.8,2.2,0.6,3.4,1.4,0.2,0.2,2.4,1.6,2,3
447,1,6.840000000000001,6.94,53.2,12.4,13.0,5.4,4.0,345.4,302.6,0.794,0.77,6.2,4.0,5.6,3.0,17.0,14.2,2.4,1.2,4.0,2.0,0.2,0.2,1.8,1.8,2,0
537,5,6.82,6.75,51.2,11.2,13.8,4.8,4.2,354.2,343.0,0.79,0.784,5.8,4.2,5.2,3.6,16.2,13.2,2.2,2.2,2.8,1.0,0.2,0.0,1.4,1.4,0,0
455,446,6.8,6.82,52.4,11.4,13.2,4.0,4.0,377.2,336.4,0.8,0.782,5.4,3.6,4.6,2.8,14.8,12.6,1.2,2.2,2.2,1.2,0.0,0.2,1.2,1.0,1,0
2,4,6.93,6.909999999999999,52.6,9.6,11.4,3.8,4.0,372.8,324.8,0.7959999999999999,0.776,5.0,3.6,4.0,3.4,15.2,13.0,1.0,2.6,2.0,1.2,0.0,0.2,1.2,1.0,1,1
3,451,6.95,6.909999999999999,48.8,10.8,11.8,4.4,3.2,350.8,376.8,0.798,0.8,4.8,4.0,3.8,4.0,14.8,12.6,0.6,3.2,1.8,1.2,0.2,0.2,1.2,0.8,2,2
572,574,6.790000000000001,6.81,49.8,12.4,9.8,4.6,2.6,402.4,402.8,0.8379999999999999,0.826,4.6,3.8,4.0,3.4,11.8,13.6,0.4,2.6,1.6,1.2,0.2,0.2,1.2,0.6,2,2
570,619,6.76,6.85,52.4,13.8,9.0,4.4,2.2,405.8,368.6,0.834,0.806,5.4,3.4,5.4,3.2,10.0,14.0,1.4,2.2,1.8,1.6,0.2,0.2,1.2,1.0,1,2
574,537,6.81,6.82,47.4,11.0,10.8,3.8,2.8,358.4,420.2,0.82,0.828,4.6,4.0,5.4,3.8,10.2,12.8,1.8,2.4,1.8,1.4,0.2,0.0,1.4,1.4,3,0
656,448,6.83,6.8,49.4,12.4,10.6,4.2,3.0,380.6,406.4,0.8320000000000001,0.8280000000000001,4.4,4.0,5.0,2.8,11.0,12.0,2.4,2.6,1.8,1.4,0.2,0.0,1.8,1.4,3,1
5,7297,6.75,6.779999999999999,51.0,14.6,9.0,4.6,3.2,383.2,367.4,0.8320000000000001,0.8140000000000001,4.2,4.0,5.0,3.0,12.0,10.0,2.6,2.4,1.8,1.2,0.0,0.2,2.2,1.4,1,0
4,15,6.909999999999999,6.779999999999999,50.4,13.0,9.4,4.0,3.0,360.0,363.0,0.8219999999999998,0.8140000000000001,4.2,3.8,4.8,3.6,13.2,9.6,2.8,2.8,2.0,1.4,0.0,0.2,2.0,1.0,4,2
570,447,6.76,6.840000000000001,50.0,12.4,11.0,5.0,3.6,385.2,383.6,0.828,0.8320000000000001,2.6,4.4,3.2,4.0,14.0,10.0,1.8,2.2,2.2,1.6,0.0,0.2,2.4,1.0,2,3
454,446,6.890000000000001,6.82,53.4,14.6,11.4,5.6,4.6,410.2,343.6,0.836,0.818,3.8,4.0,4.0,4.8,14.4,10.0,1.4,2.0,2.0,2.0,0.0,0.2,2.6,1.2,2,3
619,2,6.85,6.93,54.8,14.2,11.2,5.4,5.2,403.4,320.2,0.826,0.792,4.6,3.2,4.0,5.6,13.4,10.6,1.2,2.0,2.4,2.6,0.0,0.2,2.4,1.8,2,5
451,455,6.909999999999999,6.8,57.4,12.6,13.0,5.8,6.2,431.8,305.6,0.8300000000000001,0.784,6.4,3.2,4.0,4.8,13.0,12.4,1.6,2.0,2.2,3.0,0.0,0.0,2.2,2.6,0,1
1,3,6.94,6.95,59.6,14.0,13.0,6.4,6.6,458.8,288.6,0.842,0.7780000000000001,7.4,4.0,4.6,4.0,12.4,11.2,1.4,1.2,2.0,2.2,0.0,0.0,2.0,2.8,2,1
605,572,6.7700000000000005,6.790000000000001,57.2,14.6,12.0,5.8,5.6,422.6,295.2,0.8320000000000001,0.7740000000000001,7.6,3.8,4.8,4.6,12.8,11.6,1.8,1.6,2.4,2.4,0.0,0.0,1.6,2.6,2,1
537,570,6.82,6.76,55.2,14.4,10.6,6.0,4.4,408.2,311.4,0.8240000000000001,0.77,7.2,3.8,4.0,4.0,12.6,12.0,2.6,1.6,2.4,1.8,0.0,0.0,1.6,2.2,3,0
448,4,6.8,6.909999999999999,51.0,15.2,11.8,6.2,4.0,398.8,372.8,0.8280000000000001,0.808,6.6,4.6,3.8,4.2,12.0,11.2,2.4,2.0,2.4,1.8,0.0,0.0,1.8,1.6,3,2
7297,656,6.779999999999999,6.83,46.2,14.8,10.2,5.6,2.8,331.2,378.6,0.788,0.8,5.4,5.6,3.2,4.6,12.8,11.6,2.0,2.2,2.6,2.0,0.0,0.0,2.0,1.0,0,2
15,619,6.779999999999999,6.85,40.8,13.4,11.8,5.2,3.4,273.4,415.6,0.756,0.8099999999999999,4.4,5.2,2.2,5.6,12.4,13.2,2.2,2.4,2.2,2.0,0.0,0.0,2.0,1.2,0,2
454,451,6.890000000000001,6.909999999999999,40.8,11.0,12.2,3.8,4.0,279.0,430.4,0.762,0.8220000000000001,4.0,5.0,2.0,4.8,13.0,12.0,2.8,2.4,1.8,1.4,0.0,0.0,1.6,1.4,2,1
3,574,6.95,6.81,41.0,11.4,12.4,4.0,3.8,276.4,427.4,0.768,0.834,4.0,5.4,2.8,5.0,13.8,12.6,2.0,2.4,1.8,1.8,0.0,0.0,1.6,1.4,1,1
455,605,6.8,6.7700000000000005,44.8,12.8,11.4,5.2,3.6,293.4,376.2,0.768,0.804,4.8,5.0,3.0,4.0,13.4,14.0,2.2,1.4,1.6,2.0,0.0,0.0,1.2,1.6,4,1
446,5,6.82,6.75,46.0,13.0,12.2,5.6,4.2,319.4,391.8,0.7939999999999999,0.8239999999999998,4.4,3.6,3.6,4.0,13.2,14.0,2.4,1.0,1.8,1.4,0.0,0.0,1.4,1.4,2,1
572,1,6.790000000000001,6.94,50.2,13.8,11.4,6.2,3.6,336.0,345.8,0.8019999999999999,0.794,5.2,3.0,4.6,3.0,13.8,14.4,2.8,1.2,1.8,1.8,0.0,0.0,1.8,1.2,3,1
2,447,6.93,6.840000000000001,50.6,16.2,11.6,7.6,3.6,328.4,325.8,0.8,0.788,6.2,3.6,5.2,3.2,12.8,14.6,1.8,1.0,1.4,2.2,0.0,0.0,2.4,1.0,2,1
605,446,6.7700000000000005,6.82,55.0,18.4,10.8,8.6,3.6,383.8,294.8,0.818,0.772,7.2,3.2,4.6,2.8,11.4,14.2,2.0,1.4,1.6,2.4,0.0,0.0,2.4,1.0,2,2
5,455,6.75,6.8,54.8,17.6,11.2,7.4,4.0,388.0,301.4,0.8240000000000001,0.782,7.2,3.0,5.0,3.6,11.2,13.4,1.6,2.0,1.4,1.8,0.0,0.0,2.6,1.2,1,2
570,2,6.76,6.93,55.0,17.6,10.8,6.8,3.6,388.6,295.4,0.8240000000000001,0.77,6.8,4.0,5.4,3.0,10.2,12.8,1.4,2.8,1.8,2.2,0.0,0.0,2.0,1.4,0,4
1,537,6.94,6.82,53.4,16.6,12.2,6.0,4.8,393.6,327.4,0.8320000000000001,0.8019999999999999,6.2,3.8,4.8,3.4,10.8,12.4,0.8,2.6,1.8,2.2,0.0,0.0,1.6,2.0,2,0
656,572,6.83,6.790000000000001,54.2,14.6,11.8,5.4,5.4,423.4,338.4,0.85,0.808,5.8,3.8,4.0,2.8,11.2,11.8,1.2,2.8,2.0,2.0,0.0,0.0,1.4,1.8,2,1
619,448,6.85,6.8,52.4,12.8,11.6,4.8,5.6,401.4,356.4,0.8459999999999999,0.8240000000000001,5.0,4.0,4.6,3.4,12.0,11.0,1.4,2.8,2.2,2.0,0.2,0.2,1.4,1.8,2,1
447,15,6.840000000000001,6.779999999999999,52.4,11.6,11.6,4.6,5.2,398.2,349.6,0.8540000000000001,0.826,5.0,5.0,4.4,3.0,13.8,11.6,1.4,2.8,2.2,2.0,0.2,0.2,1.4,1.6,3,0
4,3,6.909999999999999,6.95,51.6,12.4,10.6,5.0,4.6,398.8,366.4,0.8619999999999999,0.842,5.8,5.4,3.4,3.4,13.8,10.4,1.6,2.0,1.2,1.8,0.2,0.4,1.8,1.2,1,1
451,7297,6.909999999999999,6.779999999999999,52.0,12.6,10.2,5.2,3.4,395.4,348.6,0.8539999999999999,0.82,5.6,6.2,3.4,3.8,13.6,11.0,2.0,2.0,1.6,2.2,0.2,0.6,2.0,0.6,1,0
574,454,6.81,6.890000000000001,53.2,16.4,9.4,6.6,2.4,402.4,334.8,0.8540000000000001,0.8140000000000001,7.0,5.0,4.4,4.4,14.6,11.8,1.8,2.2,1.4,2.0,0.2,0.6,1.8,0.6,0,0
537,656,6.82,6.83,50.8,15.0,11.6,5.4,2.8,365.4,342.4,0.8379999999999999,0.8160000000000001,6.2,5.0,3.6,5.0,14.6,13.2,2.0,2.2,1.4,1.6,0.2,0.4,1.4,0.4,3,2
448,447,6.8,6.840000000000001,48.0,14.6,12.4,5.4,3.0,344.2,372.0,0.8240000000000001,0.834,5.4,4.2,3.2,6.6,13.8,14.0,2.2,1.8,2.0,2.0,0.2,0.4,1.6,0.6,2,1
15,570,6.779999999999999,6.76,49.2,13.4,12.8,4.6,3.4,338.0,345.8,0.8140000000000001,0.818,5.2,3.0,3.6,7.0,13.8,16.2,2.4,2.0,2.6,2.2,0.2,0.6,1.4,0.8,1,2
572,4,6.790000000000001,6.909999999999999,53.0,15.6,11.4,5.6,3.4,379.6,323.0,0.834,0.806,5.8,3.0,3.8,6.4,14.0,14.2,2.0,3.0,2.2,1.8,0.2,0.4,1.4,1.0,0,0
3,619,6.95,6.85,48.4,13.2,13.8,4.6,4.0,326.6,352.8,0.812,0.8140000000000001,4.4,4.0,3.6,5.6,12.0,13.6,2.4,2.6,2.8,1.8,0.2,0.4,1.2,1.0,4,1
7297,605,6.779999999999999,6.7700000000000005,45.8,13.4,11.2,5.4,3.2,314.2,383.8,0.798,0.8160000000000001,3.8,4.0,3.4,4.0,14.4,12.2,3.4,2.4,2.4,1.6,0.0,0.4,2.0,1.2,0,1
454,5,6.890000000000001,6.75,46.4,13.4,10.4,5.2,3.2,309.8,370.6,0.7939999999999999,0.8019999999999999,4.0,4.0,4.0,1.8,14.2,12.2,3.6,2.4,2.4,1.2,0.0,0.4,1.4,1.0,3,1
446,451,6.82,6.909999999999999,48.6,14.8,11.2,6.4,3.4,344.6,367.0,0.8140000000000001,0.8119999999999999,4.4,4.8,3.8,1.0,13.0,10.6,3.8,2.4,2.0,1.0,0.0,0.0,1.6,1.0,0,2
2,1,6.93,6.94,44.0,14.8,12.4,6.4,3.2,311.6,416.0,0.812,0.85,4.4,5.0,3.8,1.4,12.2,12.0,3.6,1.4,2.2,1.2,0.0,0.0,1.4,1.0,2,0
455,574,6.8,6.81,47.8,13.2,9.8,5.8,2.4,340.6,379.0,0.8140000000000001,0.8320000000000001,4.2,4.2,3.4,1.6,14.4,13.8,3.0,1.6,2.2,1.8,0.0,0.0,1.8,1.0,4,1
4,537,6.909999999999999,6.82,52.2,13.8,10.2,6.2,3.0,380.4,335.0,0.8460000000000001,0.8240000000000001,4.8,4.6,3.8,2.2,12.0,14.4,1.8,1.2,2.0,2.0,0.0,0.2,1.8,1.0,1,1
570,448,6.76,6.8,55.4,17.8,10.0,6.6,2.4,425.8,325.4,0.866,0.8280000000000001,7.0,4.6,6.2,2.4,11.8,12.4,1.4,1.6,1.6,2.4,0.0,0.2,2.0,1.0,1,1
574,446,6.81,6.82,53.0,17.0,9.2,5.8,2.2,392.2,334.4,0.8400000000000001,0.8240000000000001,7.2,4.2,6.8,4.0,13.4,13.6,1.0,1.4,1.8,2.6,0.0,0.2,1.6,1.0,1,1
619,455,6.85,6.8,54.4,14.6,8.0,5.0,2.6,382.0,300.0,0.8220000000000001,0.7959999999999999,6.8,4.0,6.2,4.0,12.4,12.8,1.0,2.2,1.8,2.2,0.0,0.2,1.8,0.8,1,3
5,451,6.75,6.909999999999999,57.0,15.8,8.4,5.4,3.2,418.8,284.8,0.836,0.7799999999999999,7.4,3.8,6.2,4.4,11.8,10.6,1.2,2.0,1.4,2.0,0.0,0.2,1.6,1.4,1,1
2,15,6.93,6.779999999999999,54.0,15.2,10.8,4.6,3.6,391.6,323.8,0.8160000000000001,0.7899999999999999,7.4,4.6,6.8,4.4,12.0,11.2,1.0,3.0,1.6,2.0,0.0,0.0,1.0,1.4,2,0
447,572,6.840000000000001,6.790000000000001,53.6,12.0,10.4,4.0,4.0,389.0,322.4,0.8160000000000001,0.792,4.8,5.0,4.2,4.4,11.2,13.0,1.6,2.6,1.4,2.0,0.0,0.2,1.2,1.2,4,1
656,454,6.83,6.890000000000001,55.4,13.2,10.2,4.8,4.6,425.8,323.8,0.8460000000000001,0.794,3.8,5.4,4.8,3.2,10.4,11.8,1.8,2.8,1.2,2.0,0.0,0.4,1.8,1.2,4,0
605,3,6.7700000000000005,6.95,54.8,16.0,10.4,5.8,4.8,435.8,339.2,0.8640000000000001,0.82,3.6,6.0,5.2,3.4,11.4,11.8,2.6,2.4,1.0,2.0,0.0,0.6,2.4,1.0,0,0
1,7297,6.94,6.779999999999999,48.0,15.0,11.6,5.4,4.8,359.6,393.0,0.8099999999999999,0.8460000000000001,2.8,7.6,4.8,3.2,10.8,13.4,3.0,2.6,1.0,1.6,0.0,0.6,2.2,0.4,2,0
448,2,6.8,6.93,53.2,16.6,11.0,6.6,5.2,399.2,336.8,0.8240000000000001,0.82,3.4,6.4,5.2,2.8,10.4,12.4,3.6,2.0,0.8,1.8,0.0,0.6,2.4,0.2,0,6
572,15,6.790000000000001,6.779999999999999,47.2,15.6,13.2,6.6,7.4,339.8,398.4,0.8,0.8380000000000001,4.2,7.4,5.4,3.4,11.6,11.0,3.0,2.2,1.4,1.4,0.2,0.4,2.0,1.4,1,1
537,605,6.82,6.7700000000000005,45.8,14.8,14.2,5.6,7.2,312.4,401.8,0.786,0.8400000000000001,6.0,6.4,4.6,3.2,12.0,11.2,2.6,2.2,1.4,1.2,0.2,0.2,1.4,1.4,2,1
454,4,6.890000000000001,6.909999999999999,44.8,12.0,14.0,4.4,7.0,320.0,424.2,0.79,0.842,5.8,6.0,4.0,2.6,11.8,10.2,2.0,2.0,1.4,1.0,0.4,0.0,1.0,1.6,1,3
451,574,6.909999999999999,6.81,51.4,13.0,13.4,4.4,7.4,371.8,367.6,0.8380000000000001,0.8299999999999998,7.0,4.2,4.8,3.0,11.8,9.0,1.6,2.4,1.4,1.0,0.4,0.0,1.2,2.2,3,0
7297,447,6.779999999999999,6.840000000000001,50.8,13.4,11.0,4.0,6.0,377.0,372.0,0.8480000000000001,0.8300000000000001,6.4,4.0,4.4,3.0,11.0,9.2,1.0,2.0,1.4,0.8,0.4,0.0,1.4,2.2,2,3
455,570,6.8,6.76,51.8,13.8,9.6,4.4,4.6,378.6,339.4,0.8539999999999999,0.8240000000000001,5.4,3.8,4.4,3.0,10.2,9.4,1.2,2.2,1.2,1.0,0.4,0.0,1.8,1.6,1,1
5,1,6.75,6.94,53.8,12.0,9.4,3.8,4.4,412.4,329.8,0.8620000000000001,0.8140000000000001,4.0,4.2,3.8,3.0,10.0,9.2,1.0,2.4,1.0,1.0,0.4,0.0,1.8,1.6,0,1
446,619,6.82,6.85,53.2,13.4,9.2,4.2,4.6,386.6,320.8,0.842,0.8039999999999999,4.8,4.2,5.0,3.6,10.6,9.6,1.2,2.4,1.4,1.8,0.2,0.0,1.4,1.6,1,0
3,656,6.95,6.83,48.0,11.4,9.6,3.8,3.8,343.4,359.0,0.818,0.8200000000000001,3.8,5.6,4.0,3.8,9.6,10.0,1.6,1.8,1.6,2.6,0.2,0.0,1.4,1.0,0,3
605,454,6.7700000000000005,6.890000000000001,47.8,10.2,10.8,2.8,4.6,315.2,347.4,0.7979999999999999,0.8,4.0,6.2,4.0,4.2,11.6,10.0,2.8,2.0,2.4,3.4,0.2,0.0,0.8,1.6,2,0
2,572,6.93,6.790000000000001,49.0,10.8,10.0,2.8,3.4,334.2,351.8,0.798,0.7899999999999999,4.6,4.6,4.6,3.6,12.0,10.8,3.0,1.4,2.0,3.2,0.0,0.0,0.8,1.0,3,2
447,537,6.840000000000001,6.82,47.2,12.2,9.2,3.8,3.2,306.0,356.8,0.794,0.7979999999999999,4.4,5.2,4.4,3.8,13.0,10.4,3.4,1.2,2.4,3.8,0.0,0.0,1.2,1.2,1,2
656,451,6.83,6.909999999999999,48.8,12.4,10.4,3.4,2.8,327.4,354.8,0.808,0.806,4.0,4.8,4.8,3.8,12.4,11.2,2.8,0.8,2.0,3.2,0.0,0.0,1.4,1.4,2,3
574,5,6.81,6.75,50.6,14.2,11.0,3.8,3.8,344.2,345.6,0.818,0.8019999999999999,4.2,4.0,6.0,3.2,13.4,11.8,2.2,0.8,1.6,2.6,0.0,0.0,1.6,2.0,0,1
4,455,6.909999999999999,6.8,52.0,13.0,10.6,3.6,3.4,370.2,348.4,0.8240000000000001,0.8140000000000001,5.2,3.4,6.6,2.6,11.6,12.6,2.0,0.8,1.2,1.8,0.0,0.0,1.6,1.6,2,2
619,7297,6.85,6.779999999999999,51.6,12.0,11.2,3.6,4.6,364.4,351.2,0.8219999999999998,0.82,5.4,3.8,5.4,2.4,11.2,12.0,1.8,1.2,1.8,2.4,0.0,0.0,1.6,2.0,2,1
570,3,6.76,6.95,57.4,17.2,10.4,4.6,4.6,398.4,300.6,0.8320000000000001,0.752,8.0,2.8,7.6,1.8,11.0,12.6,1.4,1.4,1.8,1.8,0.0,0.2,1.4,1.8,2,3
15,448,6.779999999999999,6.8,56.8,17.0,11.2,5.0,5.2,371.6,276.2,0.812,0.728,8.0,3.4,6.8,2.2,11.2,14.2,2.2,1.6,1.6,2.4,0.0,0.4,1.6,2.0,1,7
1,446,6.94,6.82,58.2,18.2,10.6,5.4,5.2,396.0,271.2,0.8300000000000001,0.732,8.4,3.0,5.8,2.0,10.4,12.8,3.0,1.6,1.8,2.0,0.0,0.4,1.4,2.8,2,3
572,570,6.790000000000001,6.76,55.4,18.4,12.0,5.6,5.6,376.4,295.4,0.828,0.75,7.8,2.8,4.6,2.4,11.0,13.4,2.0,1.8,1.6,2.6,0.0,0.4,1.8,3.2,1,1
574,4,6.81,6.909999999999999,57.8,19.0,11.2,5.4,5.0,412.4,283.6,0.8479999999999999,0.748,7.6,2.6,5.6,3.0,12.0,12.2,1.8,2.0,1.2,2.4,0.0,0.4,1.6,3.0,1,1
537,15,6.82,6.779999999999999,50.8,13.0,13.4,4.2,5.6,367.8,356.0,0.8320000000000001,0.8219999999999998,6.2,3.0,5.0,3.6,11.4,11.8,2.6,2.0,1.0,2.2,0.0,0.2,1.4,3.0,3,1
446,656,6.82,6.83,52.8,14.2,11.0,4.8,4.6,405.4,361.2,0.8539999999999999,0.836,6.8,2.6,5.0,2.6,11.6,9.8,1.8,2.2,1.4,1.6,0.0,0.0,1.6,2.6,1,3
454,619,6.890000000000001,6.85,51.0,13.2,10.4,4.6,4.0,377.8,362.8,0.834,0.8240000000000001,6.0,3.2,5.6,2.6,12.8,11.4,1.8,2.4,1.6,2.0,0.0,0.0,1.6,1.8,1,2
451,1,6.909999999999999,6.94,49.0,13.8,9.8,5.2,4.0,354.0,373.0,0.826,0.8360000000000001,6.0,3.6,5.6,3.2,13.4,12.4,3.0,2.6,2.0,2.0,0.0,0.0,1.4,1.6,0,0
7297,448,6.779999999999999,6.8,50.2,15.6,10.4,6.4,4.0,364.4,360.0,0.8240000000000001,0.828,7.2,3.6,5.4,2.8,12.4,12.0,3.0,2.0,1.8,1.4,0.0,0.0,1.2,1.4,1,3
5,605,6.75,6.7700000000000005,48.8,16.2,9.8,5.8,4.4,366.0,378.8,0.8299999999999998,0.834,6.0,4.0,4.8,3.8,11.8,12.4,3.0,2.4,1.8,1.8,0.0,0.0,1.2,1.8,1,1
3,2,6.95,6.93,46.8,15.6,10.4,5.4,4.6,337.0,385.2,0.8220000000000001,0.8380000000000001,6.2,4.2,5.4,4.2,11.0,13.4,3.6,2.4,1.6,2.4,0.0,0.0,0.8,1.8,1,1
455,447,6.8,6.840000000000001,46.0,14.6,10.0,5.2,4.4,317.0,372.2,0.808,0.8320000000000001,6.8,5.0,5.0,4.8,12.6,13.0,3.2,2.4,2.4,2.6,0.0,0.0,0.8,1.4,3,2
570,7297,6.76,6.779999999999999,47.0,15.2,10.8,5.2,4.2,325.6,362.0,0.8119999999999999,0.826,6.0,5.4,5.2,4.8,12.6,10.6,2.0,2.2,1.8,2.2,0.0,0.0,1.2,1.4,3,0
15,3,6.779999999999999,6.95,47.2,13.2,11.0,4.4,4.0,308.0,353.8,0.8019999999999999,0.8320000000000001,5.2,5.0,5.0,4.4,14.0,13.6,2.2,2.4,2.0,2.8,0.0,0.0,1.8,1.4,0,2
4,5,6.909999999999999,6.75,52.4,14.2,10.2,5.4,3.0,324.6,288.8,0.7999999999999999,0.8039999999999999,5.4,4.0,6.0,3.2,16.2,13.4,2.0,2.2,3.0,3.2,0.2,0.4,1.6,1.2,2,1
619,572,6.85,6.790000000000001,56.8,14.0,9.6,5.0,3.2,403.0,273.0,0.8160000000000001,0.792,4.8,3.2,5.4,2.6,15.4,11.6,1.6,1.8,3.0,2.4,0.2,0.4,1.8,1.2,3,0
447,574,6.840000000000001,6.81,59.0,16.2,10.2,6.0,3.2,443.4,281.8,0.8539999999999999,0.8059999999999998,4.6,2.0,5.6,2.8,14.4,11.0,2.0,1.8,2.4,2.4,0.2,0.4,2.2,1.0,3,1
605,451,6.7700000000000005,6.909999999999999,62.2,17.4,8.6,6.2,2.6,456.0,250.6,0.86,0.776,5.6,1.4,6.6,2.2,13.8,11.6,3.0,1.4,2.4,2.4,0.2,0.4,2.2,0.8,1,1
2,537,6.93,6.82,58.8,17.0,7.8,5.6,2.4,435.4,285.8,0.8560000000000001,0.778,5.2,2.2,6.2,2.8,13.2,9.2,3.0,1.6,3.0,2.2,0.2,0.4,1.8,1.0,0,0
656,455,6.83,6.8,58.2,16.6,8.6,5.4,2.6,460.2,306.8,0.8699999999999999,0.798,5.8,3.0,4.8,3.2,11.4,7.6,2.4,1.2,2.6,1.6,0.0,0.0,1.8,0.6,2,4
1,454,6.94,6.890000000000001,54.2,16.6,11.6,5.8,3.8,390.8,324.6,0.8540000000000001,0.8099999999999999,5.4,4.0,5.2,4.4,12.0,7.8,2.4,1.8,3.0,2.0,0.0,0.0,1.8,1.2,3,2
448,446,6.8,6.82,54.2,16.6,11.4,6.0,4.0,382.4,321.4,0.85,0.8119999999999999,5.8,3.8,6.2,3.4,11.6,8.0,2.2,1.8,3.0,1.8,0.0,0.0,1.8,1.6,1,2
572,448,6.790000000000001,6.8,50.8,14.0,12.8,5.2,4.4,390.4,377.8,0.852,0.8480000000000001,5.0,4.6,5.2,4.0,11.8,7.8,1.4,2.0,3.2,2.0,0.0,0.0,1.4,1.8,2,0
455,1,6.8,6.94,52.6,16.4,13.4,5.8,5.2,405.4,358.4,0.8639999999999999,0.8480000000000001,5.8,4.8,5.8,3.6,11.0,8.6,1.4,2.2,2.8,1.6,0.0,0.0,1.6,1.6,1,1
446,570,6.82,6.76,49.0,16.0,13.6,5.2,5.0,355.6,376.0,0.8380000000000001,0.85,5.2,5.0,6.0,3.4,11.4,10.2,1.6,2.4,2.4,1.8,0.0,0.0,1.8,1.8,2,1
5,656,6.75,6.83,49.4,14.6,10.6,5.4,3.6,374.6,384.8,0.842,0.8539999999999999,5.2,4.8,5.4,2.6,11.6,10.4,2.2,2.0,1.8,1.4,0.0,0.0,1.8,1.2,2,4
7297,2,6.779999999999999,6.93,47.2,13.0,11.2,5.0,4.0,353.8,396.2,0.82,0.8480000000000001,5.0,5.2,4.6,2.8,10.8,10.6,1.8,2.4,1.2,1.2,0.0,0.0,1.6,1.6,0,5
3,447,6.95,6.840000000000001,43.6,12.6,14.2,5.2,5.8,312.0,421.2,0.808,0.8619999999999999,4.4,6.0,3.8,3.0,10.2,9.8,1.6,2.6,1.0,1.2,0.2,0.0,1.4,2.2,1,1
451,4,6.909999999999999,6.909999999999999,44.2,12.6,14.4,5.0,4.8,298.2,398.0,0.792,0.8400000000000001,4.2,5.8,4.0,4.4,12.2,9.8,1.8,2.4,1.2,1.8,0.2,0.0,1.2,2.4,3,1
537,619,6.82,6.85,44.0,12.2,14.6,5.2,5.4,309.4,409.4,0.8059999999999998,0.844,3.8,6.0,4.0,5.2,13.6,10.0,1.6,2.0,1.2,1.4,0.2,0.0,1.6,2.4,0,1
454,15,6.890000000000001,6.779999999999999,42.8,13.8,17.2,5.0,6.2,292.8,417.4,0.806,0.844,4.8,6.4,3.6,5.6,13.8,11.2,1.6,2.0,1.4,1.8,0.2,0.0,1.2,2.4,7,0
574,605,6.81,6.7700000000000005,46.2,16.0,15.8,5.6,5.2,340.4,405.4,0.8320000000000001,0.8459999999999999,4.0,6.0,3.2,5.8,13.8,10.4,1.6,1.4,1.4,2.0,0.2,0.0,2.2,1.6,4,1
